ne_name,top_keys
CARDINAL,"[('政治', [('2000', 7), ('4000', 2), ('13', 2), ('54', 2), ('1730', 1), ('20', 1), ('38', 1), ('16', 1), ('39', 1), ('30', 1), ('90', 1), ('10萬', 1), ('12', 1), ('11', 1), ('41', 1), ('2017', 1), ('2036', 1)]), ('科技', [('4.0', 4), ('1200萬', 3), ('23', 2), ('120萬', 2), ('之一', 2), ('64', 2), ('25', 1), ('200', 1), ('15', 1), ('1萬', 1), ('2.5', 1), ('4000', 1), ('20', 1), ('60', 1), ('5G', 1), ('30', 1), ('33', 1), ('1176', 1), ('一半', 1), ('19', 1), ('2022', 1)]), ('運動', [('16', 19), ('11', 19), ('10', 5), ('32', 3), ('22', 2), ('57', 2), ('12', 2), ('7萬', 1), ('103萬', 1), ('31', 1), ('91', 1), ('128', 1), ('84', 1), ('92', 1), ('95', 1), ('四分', 1), ('20', 1), ('48', 1), ('18', 1), ('21', 1), ('87', 1)]), ('證卷', [('50', 6), ('10', 4), ('十名', 2), ('505', 1), ('1287', 1), ('一半', 1), ('11', 1), ('29', 1), ('2名', 1), ('6.32倍', 1), ('1.85', 1), ('12.7倍', 1), ('13倍', 1), ('1.9倍', 1), ('1452萬4527', 1), ('633萬7576', 1), ('486', 1), ('367', 1), ('130', 1), ('5名', 1)]), ('產經', [('上億', 2), ('24', 1), ('2.0', 1), ('21', 1), ('2400萬', 1), ('60多', 1), ('66', 1), ('50萬顆', 1), ('147', 1), ('4萬多', 1), ('2600', 1), ('4000', 1)]), ('娛樂', [('200多', 2), ('2000萬', 1), ('三百', 1), ('10幾', 1)]), ('生活', [('17', 6), ('14', 5), ('23', 4), ('04', 4), ('13', 3), ('12', 3), ('2400', 3), ('2019', 2), ('19', 2), ('10', 2), ('16', 2), ('663', 2), ('20', 2), ('18', 2), ('07', 2), ('06', 2), ('11', 2), ('02', 2), ('08', 2), ('15', 2), ('03', 2), ('1110314', 2), ('3000', 2), ('11萬', 2), ('43', 2), ('211', 1), ('303', 1), ('2.1萬', 1), ('9000', 1), ('1500萬', 1), ('1萬', 1), ('144萬', 1), ('314萬', 1), ('約9000', 1), ('1110304', 1), ('6605', 1), ('10.7萬', 1), ('2000', 1), ('30', 1), ('約30', 1), ('30多', 1), ('111', 1), ('1.6', 1), ('172', 1), ('29萬2596', 1), ('1萬656', 1), ('83', 1), ('40', 1), ('180', 1), ('920', 1), ('300', 1)]), ('國際', [('3萬', 1), ('200', 1), ('50', 1), ('之一', 1), ('4836', 1), ('5000', 1), ('500', 1), ('8631.9', 1), ('64', 1), ('17', 1), ('35', 1)]), ('社會', [('360萬', 2), ('68', 2), ('17', 1), ('50', 1), ('10', 1), ('200餘', 1), ('千萬', 1), ('一半', 1), ('44', 1), ('百餘', 1), ('317', 1), ('18', 1), ('43', 1)]), ('文化', [('10', 3), ('130', 1), ('30', 1), ('上萬', 1), ('15', 1), ('之一', 1), ('25', 1), ('100', 1), ('20', 1), ('1億', 1), ('70萬', 1), ('1萬多', 1), ('69萬多', 1), ('一半', 1), ('200多', 1), ('500', 1)]), ('兩岸', [('2019', 3), ('75', 3), ('300', 3), ('4000', 2), ('10', 2), ('100萬', 2), ('119', 2), ('約1000', 2), ('3.2萬', 2), ('1萬', 2), ('3993', 2), ('1337', 2), ('895', 2), ('2266', 2), ('1萬餘', 1), ('27', 1), ('31個', 1), ('19', 1), ('1萬4868', 1), ('72萬', 1), ('249', 1), ('4066', 1), ('1600', 1), ('約17萬餘', 1), ('921', 1), ('57', 1), ('35', 1), ('之一', 1), ('90%', 1), ('16', 1), ('1萬1000', 1), ('24', 1), ('約3萬', 1), ('7000至9000', 1), ('逾萬', 1), ('5萬', 1), ('264', 1), ('3700', 1), ('D-19', 1), ('1437', 1), ('453', 1), ('突破千', 1), ('01', 1), ('1200', 1), ('8531', 1), ('10萬3735', 1), ('4636', 1), ('11萬6902', 1), ('181萬3869', 1), ('16萬1403', 1), ('25萬9387', 1), ('2萬7943', 1), ('82', 1), ('79', 1), ('200', 1), ('122', 1), ('14億', 1), ('31.9億', 1)]), ('全部', [('16', 23), ('11', 23), ('10', 17), ('2000', 8), ('50', 8), ('17', 8), ('4000', 6), ('20', 6), ('12', 6), ('23', 6), ('13', 5), ('之一', 5), ('2019', 5), ('14', 5), ('30', 4), ('15', 4), ('1萬', 4), ('一半', 4), ('19', 4), ('4.0', 4), ('18', 4), ('04', 4), ('300', 4), ('200', 3), ('1200萬', 3), ('64', 3), ('57', 3), ('32', 3), ('200多', 3), ('43', 3), ('2400', 3), ('75', 3), ('54', 2), ('25', 2), ('120萬', 2), ('22', 2), ('21', 2), ('十名', 2), ('130', 2), ('24', 2), ('上億', 2), ('663', 2), ('07', 2), ('06', 2), ('02', 2), ('08', 2), ('03', 2), ('1110314', 2), ('3000', 2), ('11萬', 2), ('500', 2), ('35', 2), ('360萬', 2), ('68', 2), ('100萬', 2), ('119', 2), ('約1000', 2), ('3.2萬', 2), ('3993', 2), ('1337', 2), ('895', 2), ('2266', 2), ('1730', 1), ('38', 1), ('39', 1), ('90', 1), ('10萬', 1), ('41', 1), ('2017', 1), ('2036', 1), ('2.5', 1), ('60', 1), ('5G', 1), ('33', 1), ('1176', 1), ('2022', 1), ('7萬', 1), ('103萬', 1), ('31', 1), ('91', 1), ('128', 1), ('84', 1), ('92', 1), ('95', 1), ('四分', 1), ('48', 1), ('87', 1), ('505', 1), ('1287', 1), ('29', 1), ('2名', 1), ('6.32倍', 1), ('1.85', 1), ('12.7倍', 1), ('13倍', 1), ('1.9倍', 1), ('1452萬4527', 1), ('633萬7576', 1), ('486', 1), ('367', 1), ('5名', 1), ('2.0', 1), ('2400萬', 1), ('60多', 1), ('66', 1), ('50萬顆', 1), ('147', 1), ('4萬多', 1), ('2600', 1), ('2000萬', 1), ('三百', 1), ('10幾', 1), ('211', 1), ('303', 1), ('2.1萬', 1), ('9000', 1), ('1500萬', 1), ('144萬', 1), ('314萬', 1), ('約9000', 1), ('1110304', 1), ('6605', 1), ('10.7萬', 1), ('約30', 1), ('30多', 1), ('111', 1), ('1.6', 1), ('172', 1), ('29萬2596', 1), ('1萬656', 1), ('83', 1), ('40', 1), ('180', 1), ('920', 1), ('3萬', 1), ('4836', 1), ('5000', 1), ('8631.9', 1), ('200餘', 1), ('千萬', 1), ('44', 1), ('百餘', 1), ('317', 1), ('上萬', 1), ('100', 1), ('1億', 1), ('70萬', 1), ('1萬多', 1), ('69萬多', 1), ('1萬餘', 1), ('27', 1), ('31個', 1), ('1萬4868', 1), ('72萬', 1), ('249', 1), ('4066', 1), ('1600', 1), ('約17萬餘', 1), ('921', 1), ('90%', 1), ('1萬1000', 1), ('約3萬', 1), ('7000至9000', 1), ('逾萬', 1), ('5萬', 1), ('264', 1), ('3700', 1), ('D-19', 1), ('1437', 1), ('453', 1), ('突破千', 1), ('01', 1), ('1200', 1), ('8531', 1), ('10萬3735', 1), ('4636', 1), ('11萬6902', 1), ('181萬3869', 1), ('16萬1403', 1), ('25萬9387', 1), ('2萬7943', 1), ('82', 1), ('79', 1), ('122', 1), ('14億', 1), ('31.9億', 1)])]"
DATE,"[('政治', [('今天', 35), ('12天', 2), ('5月', 2), ('同年12月', 2), ('4個月', 2), ('一年', 2), ('7日', 1), ('18日', 1), ('6個月', 1), ('3月18日', 1), ('民國109年', 1), ('11日', 1), ('近年', 1), ('20年', 1), ('當年', 1), ('民國109年9月17日', 1), ('110年10月1日', 1), ('同年10月2日', 1), ('10月3日', 1), ('10月4日', 1), ('今年1月23日', 1), ('今年', 1), ('3月12日', 1), ('3月10日', 1), ('2019年9月', 1), ('2021年6月', 1), ('去年', 1), ('2021年', 1), ('3年', 1), ('1992年', 1), ('7年', 1), ('4月', 1), ('87年2月26日', 1), ('去年9月29日', 1), ('95年', 1), ('2日', 1), ('4月1日', 1), ('1976年', 1), ('民國110年5月15、16日', 1), ('當天', 1), ('108年6月到110年6月', 1), ('105年7月到110年7月', 1), ('5年', 1), ('110年4月', 1), ('109年10月3日', 1), ('102年到109年', 1), ('夏季', 1), ('日前', 1), ('十天', 1), ('去年1月', 1), ('過年前', 1), ('1997年', 1), ('1997年5月', 1), ('1998年11月', 1), ('2001年5月10日', 1), ('1999年10月', 1), ('六個月', 1), ('2001年11月', 1), ('2002年11月', 1), ('2013年5月', 1), ('2017年11月', 1), ('2010年9月', 1), ('2年', 1), ('2012年10月', 1), ('8個月', 1), ('幾個月', 1), ('一天', 1)]), ('科技', [('今天', 27), ('18日', 6), ('1月', 4), ('11日', 4), ('春季', 4), ('去年4月', 2), ('2016年', 2), ('去年10月', 2), ('2030年', 2), ('2023年底', 2), ('今年', 2), ('下週', 2), ('多年來', 2), ('1年', 2), ('3月23日', 2), ('2020年12月', 1), ('過去一年', 1), ('上個月', 1), ('9日', 1), ('2018年4月', 1), ('2019年4月', 1), ('2個月', 1), ('2022年底', 1), ('2004年', 1), ('2018年', 1), ('8日', 1), ('6號', 1), ('7號', 1), ('180多天', 1), ('去年底', 1), ('9年', 1), ('3月18日', 1), ('兩年來', 1), ('本月1日', 1), ('今日', 1), ('今年4月1日', 1), ('3月16日', 1), ('7年', 1), ('2月', 1), ('2050年', 1), ('4.0時代', 1)]), ('運動', [('今天', 47), ('今年', 9), ('昨天', 8), ('去年', 4), ('2年', 4), ('7日至20日', 4), ('一年', 4), ('40歲', 3), ('上個月', 2), ('一日', 2), ('2008年', 2), ('冬季', 2), ('11日', 1), ('27日', 1), ('105年', 1), ('10年', 1), ('109年', 1), ('去年11月底', 1), ('近4個月', 1), ('年底', 1), ('去年底', 1), ('上週', 1), ('21日', 1), ('41歲', 1), ('17年', 1), ('45歲', 1), ('2021年', 1), ('2012年', 1), ('2020年', 1), ('1月', 1), ('8月', 1), ('9天', 1), ('2026年冬奧', 1), ('110學年度', 1)]), ('證卷', [('今天', 36), ('去年', 24), ('今年', 12), ('2021年', 11), ('3月', 11), ('2020年', 7), ('2月', 6), ('前2月', 4), ('4月', 4), ('10年', 3), ('本週', 3), ('2022年', 3), ('12個月', 2), ('去年10月', 2), ('14日', 2), ('今年前2月', 2), ('2019年', 2), ('2021年度', 2), ('2個月', 2), ('明天', 1), ('6個月', 1), ('020年', 1), ('2025年', 1), ('3到5年', 1), ('近年來', 1), ('全年', 1), ('今年3月初', 1), ('6月24日', 1), ('2016年', 1), ('3月14日', 1), ('2月底', 1), ('110年度', 1), ('6月17日', 1), ('4年', 1), ('第3季', 1), ('第4季', 1), ('下半年', 1), ('上半年', 1), ('前一年度', 1), ('13年', 1), ('20', 1), ('2020年3月', 1)]), ('產經', [('今天', 30), ('今年', 23), ('去年', 16), ('前年', 4), ('上週', 2), ('3月15日', 2), ('3月底', 2), ('2021年', 2), ('第1季', 2), ('農曆年', 2), ('全年', 1), ('這2年', 1), ('去年12月', 1), ('今年3月1日', 1), ('7個', 1), ('2017年至今', 1), ('2019年', 1), ('2019', 1), ('11日', 1), ('今年一月', 1), ('去年同月', 1), ('2月', 1), ('今14日', 1), ('週末', 1), ('去年12月29日', 1), ('3月11日', 1), ('60天', 1), ('11個月', 1), ('本週', 1), ('12日', 1), ('1週', 1), ('2天', 1), ('上半年', 1), ('下半年', 1), ('2021年度', 1), ('第4季', 1), ('5月11日', 1), ('今年2月8日', 1), ('2030年', 1), ('2014年', 1), ('5月份', 1), ('2月24日', 1), ('去年底', 1), ('2月25日', 1)]), ('娛樂', [('今天', 26), ('昨天', 7), ('去年', 5), ('2月', 4), ('5月', 3), ('今年', 3), ('13日', 3), ('38歲', 3), ('34歲', 3), ('41歲', 2), ('69歲', 2), ('近年', 2), ('1983年', 2), ('50多年', 2), ('1月', 1), ('今年1月24日', 1), ('一年', 1), ('半世紀', 1), ('10年', 1), ('前幾天', 1), ('31日', 1), ('3月31日', 1), ('6月11日', 1), ('一天', 1), ('前一天', 1), ('17日', 1), ('27日', 1), ('過去30年', 1), ('第3週', 1), ('2019年', 1), ('新世紀', 1), ('多天', 1), ('1月24日', 1), ('1年', 1), ('去年3月', 1), ('4月', 1), ('70歲', 1), ('1952年', 1), ('20歲', 1), ('半個世紀', 1), ('2008年', 1), ('2010年', 1), ('2021年', 1), ('71歲', 1), ('2022年3月13日', 1), ('72歲', 1), ('2018年', 1), ('1950年3月20日', 1), ('1991年', 1), ('1980年代', 1), ('1985年', 1), ('2005年', 1), ('4年多', 1), ('6月', 1), ('今年底', 1), ('2023年', 1), ('快20年', 1), ('早些年', 1), ('34年', 1), ('11日', 1), ('3月11日', 1), ('3月15日', 1), ('77歲', 1), ('30多歲', 1), ('20多年', 1), ('年過70', 1), ('當天', 1), ('今日', 1), ('7日', 1), ('18日', 1)]), ('生活', [('今天', 22), ('7天', 6), ('10天', 4), ('3月7日', 4), ('5天', 3), ('5月', 3), ('近年', 3), ('2012年', 3), ('去年', 3), ('11日', 3), ('17日', 3), ('3天', 2), ('未來一個多月', 2), ('2019年', 2), ('18日', 2), ('4月', 2), ('2019', 2), ('3月', 1), ('7月', 1), ('1110314', 1), ('2018年', 1), ('2020年', 1), ('2023年底', 1), ('2022年', 1), ('2023年', 1), ('這幾天', 1), ('19至21日', 1), ('3月15日', 1), ('15日', 1), ('明天', 1), ('3月底', 1), ('清明節', 1), ('2歲', 1), ('2、3個月', 1), ('半個多月', 1), ('1天', 1), ('5年', 1), ('3月14日', 1), ('3月6日', 1), ('近5天', 1), ('當天', 1), ('週末', 1), ('今年', 1), ('去年12月底', 1), ('1個月', 1), ('1月24日', 1), ('4、5年', 1), ('60天', 1), ('90天', 1), ('去年11月', 1), ('去年5月', 1), ('2月15日', 1)]), ('國際', [('今天', 28), ('昨天', 5), ('2015年', 3), ('上週', 3), ('14日', 2), ('2014年', 1), ('15日', 1), ('明天', 1), ('2018年', 1), ('10個多月', 1), ('5日', 1), ('11日', 1), ('2022年', 1), ('2年', 1), ('3月14日至4月1日', 1), ('今年', 1), ('4月', 1), ('本週', 1), ('16日', 1), ('數年', 1), ('20日', 1), ('2019', 1), ('54歲', 1), ('2020年', 1), ('2017年', 1), ('3月10日', 1), ('同一天', 1), ('2月', 1), ('去年9月', 1), ('今年1月17日', 1), ('上週一', 1), ('一週內', 1), ('上一週', 1), ('31天', 1), ('13日', 1), ('去年11月', 1), ('去年10月', 1), ('11月', 1), ('2月初', 1), ('1980年代', 1), ('2025年至2030年', 1), ('2040年代', 1), ('兩週以前', 1)]), ('社會', [('今天', 33), ('昨天', 4), ('3年', 4), ('10日', 3), ('日前', 2), ('明天', 2), ('3月', 2), ('30日', 2), ('9日', 2), ('12日', 2), ('去年11月', 2), ('1年6月', 2), ('2023年', 2), ('108年', 2), ('8歲', 2), ('40歲', 1), ('5年', 1), ('108年5月18日', 1), ('40日', 1), ('108年9月', 1), ('4月', 1), ('108年9月9日', 1), ('當日', 1), ('2月', 1), ('1949年8月27日', 1), ('1997', 1), ('去年10月1日', 1), ('同年11月17日', 1), ('2歲', 1), ('21歲', 1), ('2月8日', 1), ('10年11月17日', 1), ('111年1月27日', 1), ('民國97年', 1), ('近年', 1), ('2016年', 1), ('2019年', 1), ('2022年', 1), ('43歲', 1), ('多個月', 1), ('今年1月間', 1), ('去年底', 1), ('20歲', 1), ('38歲', 1), ('去年10月', 1), ('去年12月', 1), ('今年2月間', 1), ('去年', 1), ('53歲', 1), ('2019年1月', 1), ('5年內', 1), ('6年', 1), ('今年1月13日', 1), ('2月10日', 1), ('民國109年9月', 1), ('去年1月', 1), ('109年9月29日', 1), ('同年2月', 1), ('近日', 1), ('48歲', 1), ('4日', 1), ('當天', 1), ('4個月至1年', 1), ('2年', 1), ('1年3月', 1), ('民國107年', 1), ('4年2個月', 1), ('多年前', 1), ('今年', 1), ('1月', 1), ('3月14日', 1), ('14日', 1)]), ('文化', [('今天', 20), ('今年', 11), ('7月', 3), ('6日', 3), ('去年', 2), ('26日', 2), ('21世紀', 2), ('2019年', 2), ('3個月', 2), ('未來3個月', 2), ('2021年', 2), ('百年', 2), ('日治時期', 2), ('40年', 1), ('2020年', 1), ('1980年', 1), ('年度', 1), ('近年', 1), ('3月15日', 1), ('11日', 1), ('2014年', 1), ('300年', 1), ('93年', 1), ('2年', 1), ('1895年', 1), ('300年前', 1), ('5月', 1), ('50年', 1), ('最後一週', 1), ('週三', 1), ('4/27', 1), ('5/25', 1), ('6/29', 1), ('7/27', 1), ('8/31', 1), ('8月31日', 1), ('2月24日', 1), ('4月10日', 1), ('50多年', 1), ('每天', 1), ('4月', 1), ('4月23日到24日', 1), ('5月7日', 1), ('5月21日', 1), ('6月18日', 1), ('6月25日', 1), ('7月1日到3日', 1), ('7月9日', 1), ('2022年', 1), ('6月', 1), ('1997年', 1), ('25年', 1), ('6月11日至6月19日', 1), ('7月13日至7月24日', 1), ('3月19日', 1), ('9歲', 1), ('12歲', 1), ('1990年', 1), ('2年前', 1), ('2019', 1), ('2月', 1), ('下旬', 1), ('當天', 1), ('2017年', 1), ('3月16日', 1), ('18日', 1), ('19日', 1), ('14日', 1), ('5月13日', 1), ('2001年', 1), ('1922年', 1), ('10月', 1), ('民國70年代初期', 1), ('3年', 1), ('2003年', 1), ('9天', 1), ('37年', 1), ('3月25日', 1), ('3月26日', 1), ('去年9月', 1), ('今年3月14日', 1), ('3日', 1), ('7日', 1)]), ('兩岸', [('今天', 28), ('13日', 9), ('7天', 6), ('昨天', 4), ('今日', 3), ('14天', 3), ('2020年5月', 2), ('11日', 2), ('近日', 2), ('14日', 2), ('2019年', 2), ('近年', 2), ('本週', 2), ('今年', 2), ('2至3週', 2), ('10幾年', 1), ('1日', 1), ('3月1日至13日', 1), ('6年', 1), ('2019年底', 1), ('2022財政年度', 1), ('60歲', 1), ('第1天', 1), ('2021年8月', 1), ('週五', 1), ('週六', 1), ('週日', 1), ('2012年7月至2021年12月', 1), ('2018年6月至2021年12月', 1), ('10月', 1), ('2019年11月', 1), ('2021年', 1), ('2012年至2018年', 1), ('去年', 1), ('2020年9月', 1), ('過去7天', 1), ('兩年多', 1), ('12日', 1), ('80歲', 1), ('上週', 1), ('2015年', 1), ('今年1月', 1), ('年內', 1), ('16日', 1), ('第一季末', 1), ('第二季初', 1), ('5月底至6月初', 1), ('5月底至6月', 1), ('6月底至7月初', 1), ('10086', 1), ('本月8日', 1), ('未來幾個月', 1), ('2024年', 1), ('2023年', 1), ('2019', 1), ('本月下旬', 1), ('本週五', 1), ('18日', 1), ('今兩年多', 1), ('一日', 1), ('兩年', 1), ('今年前兩個月份', 1), ('3月初', 1), ('3月1日', 1), ('3月12日', 1), ('11天', 1), ('近6個月', 1), ('去年底', 1), ('2月19日', 1)]), ('全部', [('今天', 332), ('今年', 66), ('去年', 57), ('昨天', 28), ('2021年', 19), ('11日', 15), ('2月', 15), ('3月', 14), ('13日', 13), ('18日', 12), ('7天', 12), ('4月', 11), ('2020年', 11), ('2019年', 11), ('近年', 10), ('5月', 9), ('2年', 8), ('14日', 8), ('一年', 7), ('1月', 7), ('上週', 7), ('本週', 7), ('2022年', 7), ('3年', 6), ('去年10月', 6), ('2019', 6), ('當天', 5), ('去年底', 5), ('今日', 5), ('10年', 5), ('明天', 5), ('3月15日', 5), ('2023年', 5), ('2016年', 4), ('2018年', 4), ('春季', 4), ('7日至20日', 4), ('40歲', 4), ('2012年', 4), ('前2月', 4), ('12日', 4), ('前年', 4), ('17日', 4), ('38歲', 4), ('10天', 4), ('7月', 4), ('3月7日', 4), ('去年11月', 4), ('2015年', 4), ('7日', 3), ('5年', 3), ('日前', 3), ('上個月', 3), ('9日', 3), ('2030年', 3), ('2023年底', 3), ('2個月', 3), ('1年', 3), ('一日', 3), ('41歲', 3), ('2008年', 3), ('2021年度', 3), ('3月14日', 3), ('3月底', 3), ('2014年', 3), ('50多年', 3), ('34歲', 3), ('5天', 3), ('10日', 3), ('近日', 3), ('6日', 3), ('14天', 3), ('6個月', 2), ('3月18日', 2), ('3月12日', 2), ('3月10日', 2), ('7年', 2), ('12天', 2), ('去年1月', 2), ('1997年', 2), ('同年12月', 2), ('4個月', 2), ('一天', 2), ('去年4月', 2), ('下週', 2), ('多年來', 2), ('3月23日', 2), ('3月16日', 2), ('27日', 2), ('9天', 2), ('冬季', 2), ('12個月', 2), ('今年前2月', 2), ('全年', 2), ('第4季', 2), ('下半年', 2), ('上半年', 2), ('去年12月', 2), ('週末', 2), ('3月11日', 2), ('60天', 2), ('第1季', 2), ('農曆年', 2), ('2月24日', 2), ('69歲', 2), ('1月24日', 2), ('20歲', 2), ('1983年', 2), ('1980年代', 2), ('6月', 2), ('3天', 2), ('未來一個多月', 2), ('15日', 2), ('2歲', 2), ('16日', 2), ('2017年', 2), ('去年9月', 2), ('30日', 2), ('1年6月', 2), ('6年', 2), ('108年', 2), ('8歲', 2), ('26日', 2), ('21世紀', 2), ('3個月', 2), ('未來3個月', 2), ('百年', 2), ('10月', 2), ('日治時期', 2), ('2020年5月', 2), ('2至3週', 2), ('民國109年', 1), ('20年', 1), ('當年', 1), ('民國109年9月17日', 1), ('110年10月1日', 1), ('同年10月2日', 1), ('10月3日', 1), ('10月4日', 1), ('今年1月23日', 1), ('2019年9月', 1), ('2021年6月', 1), ('1992年', 1), ('87年2月26日', 1), ('去年9月29日', 1), ('95年', 1), ('2日', 1), ('4月1日', 1), ('1976年', 1), ('民國110年5月15、16日', 1), ('108年6月到110年6月', 1), ('105年7月到110年7月', 1), ('110年4月', 1), ('109年10月3日', 1), ('102年到109年', 1), ('夏季', 1), ('十天', 1), ('過年前', 1), ('1997年5月', 1), ('1998年11月', 1), ('2001年5月10日', 1), ('1999年10月', 1), ('六個月', 1), ('2001年11月', 1), ('2002年11月', 1), ('2013年5月', 1), ('2017年11月', 1), ('2010年9月', 1), ('2012年10月', 1), ('8個月', 1), ('幾個月', 1), ('2020年12月', 1), ('過去一年', 1), ('2018年4月', 1), ('2019年4月', 1), ('2022年底', 1), ('2004年', 1), ('8日', 1), ('6號', 1), ('7號', 1), ('180多天', 1), ('9年', 1), ('兩年來', 1), ('本月1日', 1), ('今年4月1日', 1), ('2050年', 1), ('4.0時代', 1), ('105年', 1), ('109年', 1), ('去年11月底', 1), ('近4個月', 1), ('年底', 1), ('21日', 1), ('17年', 1), ('45歲', 1), ('8月', 1), ('2026年冬奧', 1), ('110學年度', 1), ('020年', 1), ('2025年', 1)])]"
EVENT,"[('政治', [('COVID-19（2019冠狀病毒疾病）疫情', 1), ('俄烏戰爭', 1)]), ('科技', []), ('運動', [('帕運會', 3), ('奧運', 2), ('東京奧運', 1), ('超級盃', 1), ('去年東京奧運', 1), ('帕運', 1)]), ('證卷', []), ('產經', [('俄烏戰爭', 5), ('俄烏戰事', 1)]), ('娛樂', []), ('生活', [('COVID-19', 1)]), ('國際', [('烏克蘭戰爭', 2), ('COVID-19', 1), ('2019', 1)]), ('社會', []), ('文化', [('雪梨雙年展', 4), ('第23屆雪梨雙年展', 2), ('2019', 1), ('百老匯', 1), ('高雄春天藝術節', 1), ('2022年高雄春天藝術節', 1), ('2019冠狀病毒疾病', 1), ('百週年慶', 1)]), ('兩岸', [('東莞市疫情防控指揮辦', 1), ('2019冠狀病毒疾病）疫情', 1), ('俄烏戰爭', 1)]), ('全部', [('俄烏戰爭', 7), ('雪梨雙年展', 4), ('帕運會', 3), ('奧運', 2), ('COVID-19', 2), ('烏克蘭戰爭', 2), ('2019', 2), ('第23屆雪梨雙年展', 2), ('COVID-19（2019冠狀病毒疾病）疫情', 1), ('東京奧運', 1), ('超級盃', 1), ('去年東京奧運', 1), ('帕運', 1), ('俄烏戰事', 1), ('百老匯', 1), ('高雄春天藝術節', 1), ('2022年高雄春天藝術節', 1), ('2019冠狀病毒疾病', 1), ('百週年慶', 1), ('東莞市疫情防控指揮辦', 1), ('2019冠狀病毒疾病）疫情', 1)])]"
FAC,"[('政治', [('台東志航基地', 8), ('台東馬偕醫院', 5), ('新竹空軍基地', 4), ('新竹基地', 4), ('志航基地', 3), ('玉山國家公園', 2), ('君悅酒店', 1), ('台南空軍基地', 1), ('盧賽基地', 1)]), ('科技', [('科博館', 3), ('國立自然科學博物館', 1)]), ('運動', [('新加坡華僑銀行室內體育館', 3), ('台南市立棒球場', 2), ('嘉義縣立棒球場體驗球場', 1), ('斗六棒球場', 1), ('立棒球場', 1), ('OCBC Arena', 1), ('國家體育場', 1), ('鳥巢', 1)]), ('證卷', []), ('產經', [('長春廠', 1)]), ('娛樂', [('鶯歌後村堰遙控飛機場', 1), ('台灣會館', 1)]), ('生活', []), ('國際', []), ('社會', [('家樂福', 2), ('楊梅物流中心', 2), ('竹東火車站', 1), ('永明派出所', 1), ('桃機東變電站', 1), ('桃機西變電站', 1), ('高寮夜景公園', 1), ('家樂福倉儲', 1), ('美福倉儲', 1), ('楊梅', 1), ('桃園楊梅', 1), ('大園', 1), ('高雄岡山倉庫', 1), ('桃園大園', 1)]), ('文化', [('明華園', 6), ('衛武營音樂廳', 3), ('千禧公園', 2), ('衛武營', 2), ('新莊聯合辦公大樓', 1), ('屏東智慧農業學校', 1), ('南華微光', 1), ('南華校園', 1), ('高雄衛武營', 1), ('台南文化中心', 1), ('台中國家歌劇院', 1), ('台北國家戲劇院', 1), ('利沃夫博物館', 1), ('伊萬基夫歷史博物館', 1), ('哈爾科夫藝術博物館', 1), ('易北愛樂小廳', 1), ('柏林愛樂室內樂廳', 1), ('項鍊工作室', 1), ('大衛．胡斯', 1), ('台中國家歌劇院大劇院', 1)]), ('兩岸', [('安老院', 1)]), ('全部', [('台東志航基地', 8), ('明華園', 6), ('台東馬偕醫院', 5), ('新竹空軍基地', 4), ('新竹基地', 4), ('志航基地', 3), ('科博館', 3), ('新加坡華僑銀行室內體育館', 3), ('衛武營音樂廳', 3), ('玉山國家公園', 2), ('台南市立棒球場', 2), ('家樂福', 2), ('楊梅物流中心', 2), ('千禧公園', 2), ('衛武營', 2), ('君悅酒店', 1), ('台南空軍基地', 1), ('盧賽基地', 1), ('國立自然科學博物館', 1), ('嘉義縣立棒球場體驗球場', 1), ('斗六棒球場', 1), ('立棒球場', 1), ('OCBC Arena', 1), ('國家體育場', 1), ('鳥巢', 1), ('長春廠', 1), ('鶯歌後村堰遙控飛機場', 1), ('台灣會館', 1), ('竹東火車站', 1), ('永明派出所', 1), ('桃機東變電站', 1), ('桃機西變電站', 1), ('高寮夜景公園', 1), ('家樂福倉儲', 1), ('美福倉儲', 1), ('楊梅', 1), ('桃園楊梅', 1), ('大園', 1), ('高雄岡山倉庫', 1), ('桃園大園', 1), ('新莊聯合辦公大樓', 1), ('屏東智慧農業學校', 1), ('南華微光', 1), ('南華校園', 1), ('高雄衛武營', 1), ('台南文化中心', 1), ('台中國家歌劇院', 1), ('台北國家戲劇院', 1), ('利沃夫博物館', 1), ('伊萬基夫歷史博物館', 1), ('哈爾科夫藝術博物館', 1), ('易北愛樂小廳', 1), ('柏林愛樂室內樂廳', 1), ('項鍊工作室', 1), ('大衛．胡斯', 1), ('台中國家歌劇院大劇院', 1), ('安老院', 1)])]"
GPE,"[('政治', [('台灣', 25), ('台東', 10), ('法國', 8), ('烏克蘭', 5), ('高雄', 5), ('澳洲', 5), ('德國', 4), ('雪梨', 4), ('新竹', 3), ('美國', 2), ('大陸', 2), ('高雄市', 2), ('台北', 2), ('中國', 2), ('台澳', 2), ('英國', 1), ('南台灣', 1), ('北市', 1), ('澳大利亞', 1), ('嘉義', 1), ('知本', 1), ('新竹市', 1), ('俄烏', 1), ('玉山', 1), ('蘇澳', 1), ('基隆市', 1)]), ('科技', [('台灣', 23), ('俄羅斯', 13), ('烏克蘭', 7), ('印度', 5), ('中國', 5), ('德國', 5), ('美國', 4), ('日本', 2), ('台北', 2), ('中華民國', 1), ('亞美尼亞', 1), ('亞塞拜然', 1), ('愛沙尼亞', 1), ('喬治亞', 1), ('匈牙利', 1), ('拉脫維亞', 1), ('立陶宛', 1), ('波蘭', 1), ('羅馬尼亞', 1), ('斯洛伐克', 1), ('莫斯科', 1), ('北韓', 1), ('倫敦', 1), ('荷蘭', 1), ('澳洲', 1), ('加拿大', 1), ('中國大陸', 1), ('法國', 1), ('英國', 1), ('俄國', 1), ('台中市', 1), ('新北', 1)]), ('運動', [('台灣', 13), ('新加坡', 10), ('巴西', 6), ('印度', 5), ('中國', 5), ('瑞典', 4), ('韓國', 4), ('台南', 3), ('克羅埃西亞', 3), ('新竹市', 2), ('南韓', 2), ('嘉義縣', 2), ('日本', 2), ('斯洛維尼亞', 2), ('北京', 2), ('烏克蘭', 2), ('淡水', 2), ('台中市', 1), ('旅美', 1), ('美國', 1), ('洛杉磯', 1), ('俄羅斯', 1), ('俄國', 1), ('白俄羅斯', 1), ('義大利', 1), ('米蘭', 1), ('柯蒂納', 1), ('東京', 1), ('台北', 1), ('花蓮', 1), ('卓溪', 1)]), ('證卷', [('台灣', 18), ('台股', 15), ('台北', 4), ('烏克蘭', 2), ('中國大陸', 2), ('日本', 2), ('美股', 2), ('中國', 1), ('美國', 1), ('日股', 1)]), ('產經', [('台灣', 22), ('中國', 12), ('俄羅斯', 7), ('烏克蘭', 6), ('深圳', 4), ('深圳市', 3), ('俄烏', 2), ('吉林省', 2), ('長春市', 2), ('日本', 2), ('天津市', 2), ('台北', 2), ('美國', 2), ('廣東省', 2), ('紐約西德州', 1), ('西德州', 1), ('倫敦', 1), ('北海布倫特', 1), ('上海', 1), ('中國大陸', 1)]), ('娛樂', [('台灣', 11), ('美國', 10), ('英國', 9), ('香港', 5), ('洛杉磯', 4), ('南庄', 3), ('新北', 2), ('烏克蘭', 2), ('紐約', 2), ('台北', 2), ('法國', 1), ('德國', 1), ('日本', 1), ('加拿大', 1), ('新竹', 1), ('彰化', 1), ('屏東', 1), ('花蓮', 1), ('紐西蘭', 1), ('倫敦', 1), ('苗栗縣南庄鄉', 1), ('華盛頓特區', 1), ('俄羅斯', 1), ('中國', 1), ('雲南', 1), ('苗栗', 1), ('神仙谷', 1), ('苗栗南庄', 1), ('台北市內湖區', 1)]), ('生活', [('台灣', 4), ('台北', 3), ('彰化縣', 2), ('中國', 2), ('南投縣名間鄉', 1), ('雲林縣', 1), ('金門', 1), ('新埔站', 1), ('苗栗縣', 1), ('員林市', 1), ('中華', 1), ('中壢', 1), ('香港', 1), ('深圳市', 1), ('東莞市', 1), ('台北市', 1), ('桃園市', 1), ('菲律賓', 1), ('越南', 1), ('泰國', 1), ('印尼', 1)]), ('國際', [('俄羅斯', 23), ('俄國', 23), ('烏克蘭', 16), ('香港', 14), ('印度', 12), ('台灣', 12), ('美國', 10), ('德國', 10), ('伊朗', 9), ('莫斯科', 9), ('中國', 9), ('挪威', 7), ('日本', 7), ('澳洲', 4), ('英國', 3), ('俄方', 3), ('土耳其', 3), ('福井縣', 3), ('雪梨', 2), ('卡達', 2), ('德黑蘭', 2), ('深圳', 2), ('東京', 2), ('北京', 2), ('仙台市', 2), ('東京都', 2), ('羅馬', 2), ('美方', 2), ('加拿大', 1), ('紐西蘭', 1), ('奧地利維也納', 1), ('哈蒂柏札德', 1), ('維也納', 1), ('瑞典', 1), ('芬蘭', 1), ('盧比', 1), ('新德里', 1), ('白俄羅斯', 1), ('上海', 1), ('新加坡', 1), ('台北', 1), ('威靈頓', 1), ('馬尼拉', 1), ('曼谷', 1), ('雅加達', 1), ('希臘', 1), ('大陸', 1), ('日本宮城縣', 1), ('仙台', 1), ('義大利羅馬', 1), ('瑞士', 1), ('蘇黎世', 1), ('新疆', 1), ('南海', 1), ('柏林', 1), ('法國', 1), ('巴黎', 1), ('烏方', 1)]), ('社會', [('台灣', 4), ('義大利', 3), ('嘉義市', 2), ('高雄', 2), ('中國', 2), ('廣東', 2), ('台中', 2), ('桃園市', 2), ('苗栗縣', 1), ('通霄鎮', 1), ('新竹縣', 1), ('嘉義', 1), ('台中市', 1), ('神岡區', 1), ('花東', 1), ('東河鄉', 1), ('台東', 1), ('台東縣東河鄉', 1), ('財政部', 1), ('林口區', 1), ('楊梅區', 1), ('高雄岡山', 1), ('關西鎮', 1)]), ('文化', [('台灣', 30), ('高雄', 14), ('烏克蘭', 7), ('屏東', 6), ('德國', 6), ('美國', 5), ('柏林', 5), ('台南', 4), ('俄羅斯', 3), ('紐約', 2), ('屏東市', 2), ('新莊', 2), ('高雄市', 2), ('台北', 2), ('日本', 2), ('西班牙', 1), ('澳洲', 1), ('捷克布拉格', 1), ('俄國', 1), ('嘉義縣', 1), ('新竹縣', 1), ('桃園', 1), ('台巡', 1), ('杭州', 1), ('旅歐', 1), ('漢堡', 1), ('花蓮豐濱鄉', 1), ('花蓮', 1), ('台南市', 1), ('南台灣', 1), ('東京', 1), ('蘇格蘭', 1), ('英國', 1), ('高雄衛武營', 1), ('巴西', 1), ('印尼', 1), ('法國', 1)]), ('兩岸', [('中國', 90), ('香港', 69), ('俄羅斯', 22), ('北京', 19), ('深圳', 18), ('東莞', 16), ('港府', 14), ('美國', 13), ('台灣', 10), ('東莞市', 8), ('美方', 7), ('廣東', 3), ('上海', 3), ('廣東省', 3), ('吉林市', 3), ('澳門', 2), ('中方', 2), ('深圳市', 2), ('封城', 2), ('中港', 2), ('英國', 2), ('新加坡', 2), ('吉林省', 2), ('直轄市', 2), ('長春市', 2), ('港資', 1), ('大朗鎮', 1), ('吉林', 1), ('內蒙古', 1), ('烏克蘭', 1), ('台獨', 1), ('台海', 1), ('對港', 1), ('中澳', 1), ('南韓', 1), ('俄國', 1), ('中美', 1), ('平市', 1), ('松原市', 1), ('大陸', 1)]), ('全部', [('台灣', 172), ('中國', 129), ('香港', 89), ('俄羅斯', 70), ('烏克蘭', 48), ('美國', 48), ('俄國', 27), ('德國', 26), ('深圳', 24), ('北京', 23), ('印度', 22), ('高雄', 21), ('台北', 19), ('日本', 18), ('英國', 17), ('東莞', 16), ('台股', 15), ('港府', 14), ('新加坡', 13), ('法國', 12), ('台東', 11), ('澳洲', 11), ('莫斯科', 10), ('東莞市', 9), ('伊朗', 9), ('美方', 9), ('巴西', 7), ('台南', 7), ('屏東', 7), ('挪威', 7), ('雪梨', 6), ('深圳市', 6), ('柏林', 6), ('瑞典', 5), ('洛杉磯', 5), ('廣東省', 5), ('上海', 5), ('廣東', 5), ('大陸', 4), ('高雄市', 4), ('新竹', 4), ('中國大陸', 4), ('韓國', 4), ('義大利', 4), ('東京', 4), ('吉林省', 4), ('長春市', 4), ('紐約', 4), ('新竹市', 3), ('俄烏', 3), ('倫敦', 3), ('加拿大', 3), ('台中市', 3), ('新北', 3), ('南韓', 3), ('嘉義縣', 3), ('克羅埃西亞', 3), ('花蓮', 3), ('南庄', 3), ('桃園市', 3), ('俄方', 3), ('土耳其', 3), ('福井縣', 3), ('吉林市', 3), ('南台灣', 2), ('台澳', 2), ('嘉義', 2), ('斯洛維尼亞', 2), ('白俄羅斯', 2), ('淡水', 2), ('美股', 2), ('天津市', 2), ('紐西蘭', 2), ('彰化縣', 2), ('苗栗縣', 2), ('印尼', 2), ('卡達', 2), ('德黑蘭', 2), ('仙台市', 2), ('東京都', 2), ('羅馬', 2), ('嘉義市', 2), ('新竹縣', 2), ('台中', 2), ('屏東市', 2), ('新莊', 2), ('澳門', 2), ('中方', 2), ('封城', 2), ('中港', 2), ('直轄市', 2), ('北市', 1), ('澳大利亞', 1), ('知本', 1), ('玉山', 1), ('蘇澳', 1), ('基隆市', 1), ('中華民國', 1), ('亞美尼亞', 1), ('亞塞拜然', 1), ('愛沙尼亞', 1), ('喬治亞', 1), ('匈牙利', 1), ('拉脫維亞', 1), ('立陶宛', 1), ('波蘭', 1), ('羅馬尼亞', 1), ('斯洛伐克', 1), ('北韓', 1), ('荷蘭', 1), ('旅美', 1), ('米蘭', 1), ('柯蒂納', 1), ('卓溪', 1), ('日股', 1), ('紐約西德州', 1), ('西德州', 1), ('北海布倫特', 1), ('彰化', 1), ('苗栗縣南庄鄉', 1), ('華盛頓特區', 1), ('雲南', 1), ('苗栗', 1), ('神仙谷', 1), ('苗栗南庄', 1), ('台北市內湖區', 1), ('南投縣名間鄉', 1), ('雲林縣', 1), ('金門', 1), ('新埔站', 1), ('員林市', 1), ('中華', 1), ('中壢', 1), ('台北市', 1), ('菲律賓', 1), ('越南', 1), ('泰國', 1), ('奧地利維也納', 1), ('哈蒂柏札德', 1), ('維也納', 1), ('芬蘭', 1), ('盧比', 1), ('新德里', 1), ('威靈頓', 1), ('馬尼拉', 1), ('曼谷', 1), ('雅加達', 1), ('希臘', 1), ('日本宮城縣', 1), ('仙台', 1), ('義大利羅馬', 1), ('瑞士', 1), ('蘇黎世', 1), ('新疆', 1), ('南海', 1), ('巴黎', 1), ('烏方', 1), ('通霄鎮', 1), ('神岡區', 1), ('花東', 1), ('東河鄉', 1), ('台東縣東河鄉', 1), ('財政部', 1), ('林口區', 1), ('楊梅區', 1), ('高雄岡山', 1), ('關西鎮', 1), ('西班牙', 1), ('捷克布拉格', 1), ('桃園', 1), ('台巡', 1), ('杭州', 1), ('旅歐', 1), ('漢堡', 1), ('花蓮豐濱鄉', 1), ('台南市', 1), ('蘇格蘭', 1), ('高雄衛武營', 1), ('港資', 1), ('大朗鎮', 1), ('吉林', 1), ('內蒙古', 1), ('台獨', 1), ('台海', 1), ('對港', 1), ('中澳', 1), ('中美', 1), ('平市', 1), ('松原市', 1)])]"
LANGUAGE,"[('政治', [('英文', 1)]), ('科技', []), ('運動', [('中文', 1)]), ('證卷', []), ('產經', []), ('娛樂', [('華語', 1), ('英文', 1)]), ('生活', []), ('國際', []), ('社會', []), ('文化', [('客家話', 1), ('閩南語', 1), ('日語', 1), ('吳儂軟語', 1)]), ('兩岸', [('英文', 2)]), ('全部', [('英文', 4), ('中文', 1), ('華語', 1), ('客家話', 1), ('閩南語', 1), ('日語', 1), ('吳儂軟語', 1)])]"
LAW,"[('政治', []), ('科技', [('LINE', 1)]), ('運動', []), ('證卷', []), ('產經', []), ('娛樂', []), ('生活', []), ('國際', [('國安法', 2), ('北約憲章第5條', 1)]), ('社會', []), ('文化', []), ('兩岸', [('香港國安法', 1), ('外國公司問責法', 1)]), ('全部', [('國安法', 2), ('LINE', 1), ('北約憲章第5條', 1), ('香港國安法', 1), ('外國公司問責法', 1)])]"
LOC,"[('政治', [('台灣西南防空識別區', 1), ('北美', 1), ('屯稜線', 1), ('丹大溪', 1), ('巒大溪', 1), ('郡大溪', 1)]), ('科技', [('南極', 7), ('月球', 5), ('月球南極', 1), ('太陽系', 1)]), ('運動', []), ('證卷', [('亞洲', 1)]), ('產經', [('歐洲', 12), ('東北', 1), ('塞港', 1)]), ('娛樂', [('神仙谷', 3), ('北美', 1), ('溪谷', 1)]), ('生活', [('東半部', 2), ('東北', 1), ('東南風', 1), ('馬祖地區', 1), ('基隆港', 1)]), ('國際', [('亞洲', 2), ('北極', 1), ('北歐', 1), ('博斯普魯斯海峽', 1), ('太平洋', 1), ('歐洲', 1)]), ('社會', [('高雄港', 1), ('陽明山', 1), ('中山區中山北路', 1), ('楊梅區', 1)]), ('文化', [('歐洲', 2), ('亞洲', 1), ('大海', 1), ('北美', 1), ('東海岸', 1), ('台南山', 1), ('東南亞', 1)]), ('兩岸', [('美東', 1), ('特別行政區', 1)]), ('全部', [('歐洲', 15), ('南極', 7), ('月球', 5), ('亞洲', 4), ('北美', 3), ('神仙谷', 3), ('東北', 2), ('東半部', 2), ('台灣西南防空識別區', 1), ('屯稜線', 1), ('丹大溪', 1), ('巒大溪', 1), ('郡大溪', 1), ('月球南極', 1), ('太陽系', 1), ('塞港', 1), ('溪谷', 1), ('東南風', 1), ('馬祖地區', 1), ('基隆港', 1), ('北極', 1), ('北歐', 1), ('博斯普魯斯海峽', 1), ('太平洋', 1), ('高雄港', 1), ('陽明山', 1), ('中山區中山北路', 1), ('楊梅區', 1), ('大海', 1), ('東海岸', 1), ('台南山', 1), ('東南亞', 1), ('美東', 1), ('特別行政區', 1)])]"
MONEY,"[('政治', [('新台幣6億元', 1), ('3萬5703美元', 1), ('約101萬元', 1), ('3萬5703', 1), ('新台幣約101萬元', 1), ('4億7222萬元', 1), ('1億3788萬元', 1)]), ('科技', [('1萬3900元', 5), ('1萬7900元', 3), ('1萬5500元', 2), ('1萬9000元', 2), ('3999美元', 2), ('新台幣60億元', 1), ('新台幣', 1), ('5萬9900元', 1), ('4萬5900元', 1), ('1.79萬元', 1), ('2萬2900元', 1), ('429美元', 1), ('399美元', 1), ('1999美元', 1), ('1599美元', 1), ('599美元', 1)]), ('運動', [('200萬美元', 4), ('十元', 1)]), ('證卷', [('新台幣2861.6億元', 4), ('0.1元', 4), ('20元', 3), ('132.5元', 3), ('7元', 2), ('4.5元', 2), ('1.31元', 2), ('1.93億元', 2), ('46.23元', 2), ('26元', 2), ('3億元', 2), ('16.04億元', 2), ('142.43億元', 2), ('新台幣2億元', 2), ('0.6元', 2), ('0.7元', 2), ('0.67元', 2), ('4.7億元', 2), ('1.52元', 2), ('164.5元', 1), ('2861.6億元', 1), ('新台幣66.08億元', 1), ('852億元', 1), ('0.69元', 1), ('6.8億元', 1), ('2.77億元', 1), ('167億元', 1), ('52億元', 1), ('60.09億元', 1), ('1805元', 1), ('9.8億元', 1), ('336.87億元', 1), ('2131.31億元', 1), ('1656.01億元', 1), ('48.73元', 1), ('新台幣3.47億元', 1), ('6.56元', 1), ('86.1元', 1), ('1.47億元', 1), ('新台幣', 1), ('1.86億元', 1), ('6.46億元', 1), ('3.38億元', 1), ('0.85元', 1), ('0.5元', 1), ('34.65元', 1), ('12.62億元', 1), ('28.34億元', 1), ('1.88元', 1), ('新台幣1.35億元', 1), ('0.14元', 1), ('87.13億元', 1), ('1.31億元', 1), ('新台幣0.14元', 1), ('108.93億元', 1), ('1.05元', 1), ('新台幣4631萬元', 1), ('22.45億元', 1), ('2.45億元', 1), ('4631萬元', 1), ('13.16億元', 1), ('9.43億元', 1), ('1.77億元', 1), ('20.77億元', 1), ('4.13億元', 1), ('32億元', 1), ('5.3億元', 1), ('1.7元', 1), ('161.47億元', 1), ('6.16億元', 1), ('5.38元', 1), ('3.6元', 1), ('60.9元', 1), ('6.62億元', 1), ('新台幣2681.6億元', 1), ('3075元', 1), ('19元', 1), ('2685元', 1), ('944元', 1), ('3元', 1), ('572元', 1), ('48.4元', 1), ('50反1', 1)]), ('產經', [('430億歐元', 3), ('28.53元', 2), ('28.450元', 2), ('28.420元', 2), ('28.534元', 2), ('1.01元', 2), ('新台幣4000億元', 1), ('173億元', 1), ('10.35元', 1), ('5元', 1), ('新台幣38.84億元', 1), ('1.3元', 1), ('0.65元', 1), ('0.5元', 1), ('新台幣2000萬元', 1), ('2000萬元', 1), ('2.02億元', 1), ('103.80美元', 1), ('108.13美元', 1), ('新台幣2千萬元', 1), ('新台幣3000萬元', 1), ('28.5元', 1), ('17.36億美元', 1), ('161億元', 1), ('6.92億元', 1), ('200.1億元', 1), ('4395.57億元', 1), ('人民幣200.1億元', 1), ('EPS 0.88元', 1), ('新台幣1兆3400億元', 1), ('1兆3400億台幣', 1), ('1.27角', 1), ('10.9億美元', 1)]), ('娛樂', [('2000萬元', 1)]), ('生活', [('2元', 4), ('新台幣2萬元', 1), ('1萬2500元', 1), ('12萬5000元', 1), ('新台幣10萬元', 1), ('12億餘元', 1), ('新台幣3元', 1), ('38.5元', 1), ('48元', 1), ('新台幣575萬元', 1), ('50萬元', 1), ('575萬元', 1)]), ('國際', [('1490億印度盧比', 1), ('19.4億美元', 1)]), ('社會', [('80萬元', 5), ('新台幣6萬7500元', 2), ('600元', 2), ('10萬元', 2), ('30萬元', 2), ('500萬元', 2), ('新台幣3萬元', 1), ('新台幣500萬元', 1), ('200億元', 1), ('新台幣200億元', 1), ('12餘億元', 1), ('新台幣9萬元', 1), ('9萬元', 1), ('新台幣1000萬元', 1), ('35元', 1), ('1000萬元', 1), ('新台幣600元', 1), ('2500萬元', 1), ('200萬元', 1), ('新台幣80萬元', 1), ('120萬元', 1), ('新台幣3億元', 1), ('3億元', 1)]), ('文化', [('新台幣385萬元', 1), ('新台幣2700萬元', 1)]), ('兩岸', [('80.9港元', 1), ('8港元', 1), ('6400億美元', 1), ('約17兆新台幣', 1), ('約12.6兆新台幣', 1)]), ('全部', [('1萬3900元', 5), ('80萬元', 5), ('200萬美元', 4), ('新台幣2861.6億元', 4), ('0.1元', 4), ('2元', 4), ('1萬7900元', 3), ('20元', 3), ('132.5元', 3), ('3億元', 3), ('430億歐元', 3), ('新台幣', 2), ('1萬5500元', 2), ('1萬9000元', 2), ('3999美元', 2), ('7元', 2), ('4.5元', 2), ('1.31元', 2), ('1.93億元', 2), ('46.23元', 2), ('26元', 2), ('16.04億元', 2), ('142.43億元', 2), ('0.5元', 2), ('新台幣2億元', 2), ('0.6元', 2), ('0.7元', 2), ('0.67元', 2), ('4.7億元', 2), ('1.52元', 2), ('2000萬元', 2), ('28.53元', 2), ('28.450元', 2), ('28.420元', 2), ('28.534元', 2), ('1.01元', 2), ('新台幣6萬7500元', 2), ('600元', 2), ('10萬元', 2), ('30萬元', 2), ('500萬元', 2), ('新台幣6億元', 1), ('3萬5703美元', 1), ('約101萬元', 1), ('3萬5703', 1), ('新台幣約101萬元', 1), ('4億7222萬元', 1), ('1億3788萬元', 1), ('新台幣60億元', 1), ('5萬9900元', 1), ('4萬5900元', 1), ('1.79萬元', 1), ('2萬2900元', 1), ('429美元', 1), ('399美元', 1), ('1999美元', 1), ('1599美元', 1), ('599美元', 1), ('十元', 1), ('164.5元', 1), ('2861.6億元', 1), ('新台幣66.08億元', 1), ('852億元', 1), ('0.69元', 1), ('6.8億元', 1), ('2.77億元', 1), ('167億元', 1), ('52億元', 1), ('60.09億元', 1), ('1805元', 1), ('9.8億元', 1), ('336.87億元', 1), ('2131.31億元', 1), ('1656.01億元', 1), ('48.73元', 1), ('新台幣3.47億元', 1), ('6.56元', 1), ('86.1元', 1), ('1.47億元', 1), ('1.86億元', 1), ('6.46億元', 1), ('3.38億元', 1), ('0.85元', 1), ('34.65元', 1), ('12.62億元', 1), ('28.34億元', 1), ('1.88元', 1), ('新台幣1.35億元', 1), ('0.14元', 1), ('87.13億元', 1), ('1.31億元', 1), ('新台幣0.14元', 1), ('108.93億元', 1), ('1.05元', 1), ('新台幣4631萬元', 1), ('22.45億元', 1), ('2.45億元', 1), ('4631萬元', 1), ('13.16億元', 1), ('9.43億元', 1), ('1.77億元', 1), ('20.77億元', 1), ('4.13億元', 1), ('32億元', 1), ('5.3億元', 1), ('1.7元', 1), ('161.47億元', 1), ('6.16億元', 1), ('5.38元', 1), ('3.6元', 1), ('60.9元', 1), ('6.62億元', 1), ('新台幣2681.6億元', 1), ('3075元', 1), ('19元', 1), ('2685元', 1), ('944元', 1), ('3元', 1), ('572元', 1), ('48.4元', 1), ('50反1', 1), ('新台幣4000億元', 1), ('173億元', 1), ('10.35元', 1), ('5元', 1), ('新台幣38.84億元', 1), ('1.3元', 1), ('0.65元', 1), ('新台幣2000萬元', 1), ('2.02億元', 1), ('103.80美元', 1), ('108.13美元', 1), ('新台幣2千萬元', 1), ('新台幣3000萬元', 1), ('28.5元', 1), ('17.36億美元', 1), ('161億元', 1), ('6.92億元', 1), ('200.1億元', 1), ('4395.57億元', 1), ('人民幣200.1億元', 1), ('EPS 0.88元', 1), ('新台幣1兆3400億元', 1), ('1兆3400億台幣', 1), ('1.27角', 1), ('10.9億美元', 1), ('新台幣2萬元', 1), ('1萬2500元', 1), ('12萬5000元', 1), ('新台幣10萬元', 1), ('12億餘元', 1), ('新台幣3元', 1), ('38.5元', 1), ('48元', 1), ('新台幣575萬元', 1), ('50萬元', 1), ('575萬元', 1), ('1490億印度盧比', 1), ('19.4億美元', 1), ('新台幣3萬元', 1), ('新台幣500萬元', 1), ('200億元', 1), ('新台幣200億元', 1), ('12餘億元', 1), ('新台幣9萬元', 1), ('9萬元', 1), ('新台幣1000萬元', 1), ('35元', 1), ('1000萬元', 1), ('新台幣600元', 1), ('2500萬元', 1), ('200萬元', 1), ('新台幣80萬元', 1), ('120萬元', 1), ('新台幣3億元', 1), ('新台幣385萬元', 1), ('新台幣2700萬元', 1), ('80.9港元', 1), ('8港元', 1), ('6400億美元', 1), ('約17兆新台幣', 1), ('約12.6兆新台幣', 1)])]"
NORP,"[('政治', [('烏克蘭', 6), ('德商', 2), ('歐商', 1), ('美商', 1), ('日商', 1), ('中商', 1), ('法方', 1)]), ('科技', [('奧斯汀', 1), ('台灣', 1)]), ('運動', [('泰雅族', 1), ('捷克', 1), ('淡商', 1)]), ('證卷', []), ('產經', [('台商', 5)]), ('娛樂', [('華裔', 2), ('北埔人', 1), ('英國', 1), ('台灣人', 1), ('香港', 1), ('香港人', 1), ('烏克蘭', 1), ('烏克蘭人', 1), ('歐洲人', 1), ('中華', 1), ('美籍', 1), ('美國', 1)]), ('生活', [('印尼籍', 2)]), ('國際', [('俄國', 1)]), ('社會', [('台灣', 1), ('富商', 1)]), ('文化', [('台灣', 6), ('排灣族', 2), ('中國', 2), ('台裔', 2), ('鄒族', 1), ('德國', 1), ('華人', 1), ('台籍', 1), ('阿美族', 1), ('日本', 1), ('美籍', 1), ('英國', 1)]), ('兩岸', [('港人', 3), ('台籍', 1), ('中國', 1), ('港媒', 1), ('陸媒', 1), ('台資', 1), ('中文', 1), ('中國人', 1)]), ('全部', [('台灣', 8), ('烏克蘭', 7), ('台商', 5), ('中國', 3), ('港人', 3), ('德商', 2), ('英國', 2), ('華裔', 2), ('美籍', 2), ('印尼籍', 2), ('排灣族', 2), ('台裔', 2), ('台籍', 2), ('歐商', 1), ('美商', 1), ('日商', 1), ('中商', 1), ('法方', 1), ('奧斯汀', 1), ('泰雅族', 1), ('捷克', 1), ('淡商', 1), ('北埔人', 1), ('台灣人', 1), ('香港', 1), ('香港人', 1), ('烏克蘭人', 1), ('歐洲人', 1), ('中華', 1), ('美國', 1), ('俄國', 1), ('富商', 1), ('鄒族', 1), ('德國', 1), ('華人', 1), ('阿美族', 1), ('日本', 1), ('港媒', 1), ('陸媒', 1), ('台資', 1), ('中文', 1), ('中國人', 1)])]"
ORDINAL,"[('政治', [('第四', 2), ('第1', 1), ('第206', 1), ('第8', 1), ('第60', 1), ('第一', 1), ('第二', 1), ('第三', 1), ('第五', 1), ('第六', 1)]), ('科技', [('第3', 6), ('第5', 4), ('第4', 3), ('第一', 2), ('第三', 1), ('第二', 1)]), ('運動', [('第3', 9), ('第一', 4), ('第2', 4), ('第4', 3), ('29', 1), ('第24', 1), ('第45', 1), ('第23', 1), ('第二', 1), ('第7', 1)]), ('證卷', [('第4', 1)]), ('產經', [('第20', 1), ('第一', 1), ('第2', 1), ('第15', 1), ('第27', 1)]), ('娛樂', [('第一', 5), ('第三', 3), ('第49', 1), ('第44', 1)]), ('生活', [('第一', 3), ('第二', 3), ('第九', 2), ('第11102', 1), ('第111062', 1), ('第三', 1)]), ('國際', [('第4', 2), ('第一', 2)]), ('社會', [('第2', 2), ('第一', 2), ('第3', 1), ('第三', 1), ('第4', 1), ('第1', 1), ('第一時間', 1)]), ('文化', [('第一', 9), ('第3', 2), ('第33', 1), ('第一時間', 1), ('首次', 1), ('第9', 1), ('第15', 1), ('第6', 1), ('第2', 1), ('第五', 1), ('第四', 1)]), ('兩岸', [('第5', 8), ('第一', 2), ('第3', 2), ('第二', 1), ('第三', 1)]), ('全部', [('第一', 31), ('第3', 20), ('第5', 12), ('第4', 10), ('第三', 8), ('第2', 8), ('第二', 7), ('第四', 3), ('第1', 2), ('第五', 2), ('第15', 2), ('第九', 2), ('第一時間', 2), ('第206', 1), ('第8', 1), ('第60', 1), ('第六', 1), ('29', 1), ('第24', 1), ('第45', 1), ('第23', 1), ('第7', 1), ('第20', 1), ('第27', 1), ('第49', 1), ('第44', 1), ('第11102', 1), ('第111062', 1), ('第33', 1), ('首次', 1), ('第9', 1), ('第6', 1)])]"
ORG,"[('政治', [('外交部', 16), ('立法院', 13), ('監察院', 9), ('行政院', 8), ('國防部', 7), ('內政部', 6), ('中央社', 5), ('國民黨', 4), ('CPTPP', 4), ('工總', 3), ('空軍', 3), ('中央', 2), ('政府', 2), ('北市府', 2), ('澳洲國會', 2), ('紐約台灣商會', 2), ('空軍司令部', 2), ('外交部長', 1), ('慈濟', 1), ('國防安全研究院', 1), ('行政院長', 1), ('立法院長', 1), ('立院', 1), ('高雄捷運公司', 1), ('漢翔航空', 1), ('西門子公司', 1), ('中國建設銀行台北分行', 1), ('交通銀行台北分行', 1), ('中國農業銀行台北辦事處', 1), ('中國南方航空台北分公司', 1), ('中國郵政航空台北分公司', 1), ('中國東方航空台北分公司', 1), ('冶春餐廳', 1), ('台灣閩投經濟發展有限公司', 1), ('台灣妙管家股份有限公司', 1), ('雪梨僑教中心', 1), ('雪梨台貿中心', 1), ('FTA', 1), ('自由黨國家聯盟', 1), ('Coalition', 1), ('外交、國防及貿易事務聯席委員會', 1), ('工黨（Labor', 1), ('澳洲聯邦國會', 1), ('澳洲台商會', 1), ('大洋洲商會', 1), ('澳洲台灣同鄉會', 1), ('澳台工商委員會', 1), ('海巡署', 1), ('黑鷹', 1), ('國立嘉義高中', 1), ('嘉中', 1), ('嘉義市北興國中', 1), ('語大', 1), ('台東馬偕醫院', 1), ('馬偕醫院', 1), ('波蘭政府', 1), ('濟烏克蘭難民專責單位', 1), ('基金會', 1), ('台南空軍基地', 1), ('玉山國家公園管理處', 1), ('警政署', 1), ('監委', 1), ('林務局南投林區管理處', 1), ('登山社', 1), ('空軍第七聯隊', 1), ('七聯隊', 1), ('法國達梭公司', 1), ('立法院內政委會', 1), ('民進黨', 1)]), ('科技', [('蘋果', 20), ('中研院', 6), ('宏達電', 3), ('中央社', 3), ('台灣海洋科技研究中心', 2), ('印度科技部', 2), ('Meta', 2), ('路透社', 2), ('國研院', 2), ('太空中心', 2), ('Tim哥', 2), ('敏實科技大學', 2), ('LINE', 2), ('印度理工學院', 1), ('海洋中心', 1), ('印度理工學院古瓦哈蒂分校', 1), ('科技部', 1), ('TIHs', 1), ('國研院國網中心', 1), ('印度理工學院堪坡校區', 1), ('印度地球科學部', 1), ('法新社', 1), ('Daisy', 1), ('國研院國家太空中心', 1), ('國家實驗研究院', 1), ('國家實驗研究院國家太空中心', 1), ('國立清華大學材料科學工程學系', 1), ('香港城市大學', 1), ('城大', 1), ('台北科技大學材料及資源工程系', 1), ('中新社', 1), ('蘋果公司', 1), ('Apple', 1), ('英特爾公司', 1), ('常春藤高中', 1), ('康乃爾大學', 1), ('科博館', 1), ('人工智慧學院', 1), ('三星', 1), ('聯想', 1), ('微軟', 1), ('Google', 1), ('中央研究院', 1), ('中研院生物化學研究所', 1), ('中研院院生化所', 1), ('中研院長', 1), ('中研院應用科學研究中心', 1), ('台協會', 1), ('德國經濟辦事處', 1), ('台灣永續能源研究基金會', 1), ('經濟部', 1), ('西門子', 1)]), ('運動', [('獅隊', 11), ('桃猿隊', 9), ('兄弟', 6), ('中央社', 5), ('桃猿', 5), ('南山高中', 4), ('世界桌球職業大聯盟', 4), ('味全龍隊', 4), ('統一獅隊', 3), ('台北興富發隊', 3), ('平等國小', 2), ('OCBC Arena', 2), ('統一', 2), ('綠衫軍', 2), ('光復高中', 1), ('平等國民小學女籃隊', 1), ('台北金華國中', 1), ('中華', 1), ('皇家隊', 1), ('興富發隊', 1), ('中信', 1), ('中信兄弟', 1), ('樂天', 1), ('陽春', 1), ('施冠宇', 1), ('邁阿密', 1), ('法新社', 1), ('國際帕拉林匹克委員會', 1), ('IPC', 1), ('教育部長', 1), ('北一女中', 1)]), ('證卷', [('陽明', 9), ('揚弈科技', 8), ('友通', 7), ('長榮航空', 6), ('祥碩', 6), ('中環', 6), ('陽明海運', 5), ('長榮航', 5), ('華研', 5), ('敬鵬', 5), ('長榮', 4), ('台積電', 4), ('友達', 4), ('元晶', 4), ('聯電', 3), ('群創', 3), ('中鋼', 3), ('聯發科', 3), ('聯準會', 2), ('國泰台灣高股息基金', 2), ('大慕影藝', 2), ('欣興', 2), ('中信', 2), ('和碩', 2), ('台達電', 2), ('中美晶', 2), ('信驊', 2), ('晶技', 2), ('東鹼', 2), ('投信', 1), ('元大投信', 1), ('PGIM保德信高成長基金', 1), ('美國聯準會', 1), ('FOMC', 1), ('Ingas', 1), ('Cryoin', 1), ('財政部', 1), ('以色列航太工業公司', 1), ('IAI', 1), ('凱擘影藝', 1), ('大曉創藝', 1), ('文策院', 1), ('大慕可可', 1), ('鴻海', 1), ('富邦金', 1), ('國泰智能電動車', 1), ('中國高股息', 1), ('彩晶', 1), ('兆豐金', 1), ('新光金', 1), ('大同', 1), ('華新', 1), ('台灣證券交易所', 1), ('中華電', 1), ('台塑', 1), ('南亞', 1), ('國立台北大學', 1), ('聯強', 1), ('仁寶', 1), ('寶科', 1), ('英業達', 1), ('瑞儀', 1), ('南帝', 1), ('亞泥', 1), ('信邦', 1), ('聯-KY', 1), ('東元', 1), ('中鼎', 1), ('聯合再生', 1), ('世紀鋼', 1), ('瑞昱', 1), ('聯詠', 1), ('力旺', 1), ('群聯', 1), ('愛普', 1), ('創意', 1), ('義隆', 1), ('大立光', 1), ('雙鴻', 1), ('三雄', 1), ('萬海', 1), ('台肥', 1), ('惠光', 1), ('興農', 1), ('台灣期貨交易所', 1), ('元大', 1), ('高林', 1), ('中興電', 1), ('良得電', 1), ('美德醫療', 1), ('富邦恒生國企', 1), ('矽力', 1), ('泰昇', 1), ('KT', 1), ('嘉澤', 1)]), ('產經', [('歐盟', 12), ('台銀', 10), ('國票金', 9), ('金管會', 9), ('華碩', 8), ('偉詮電', 8), ('民進黨', 5), ('永裕', 5), ('聯準會', 4), ('豐田', 3), ('立法院交通委員會', 3), ('國家通訊傳播委員會', 3), ('政府', 3), ('鑫創科技', 3), ('工業富聯', 3), ('僑委會', 3), ('歐盟執委會', 3), ('國民黨', 3), ('亞太電信', 3), ('蘋果新聞網', 2), ('長春廠', 2), ('行政院', 2), ('農委會', 2), ('國安會', 2), ('美國聯準會', 2), ('鴻海集團', 2), ('中央社', 2), ('主計總處', 2), ('聯強國際', 1), ('聯強', 1), ('子公司國際票券', 1), ('子公司', 1), ('國際票券', 1), ('金融監督管理委員會', 1), ('全國農業金庫', 1), ('京城商業銀行', 1), ('京城銀', 1), ('台灣銀行', 1), ('日本豐田汽車公司', 1), ('Toyota', 1), ('豐田一月', 1), ('紐約商品交易所', 1), ('德國商業銀行', 1), ('交通部', 1), ('政院', 1), ('財團法人賑災基金會', 1), ('元太', 1), ('鴻海', 1), ('欣興', 1), ('廣達', 1), ('仁寶', 1), ('緯創', 1), ('英業達', 1), ('深圳子公司', 1), ('台廠', 1), ('GIS-KY', 1), ('美律', 1), ('LED廠', 1), ('電競廠微星', 1), ('正崴', 1), ('地鐵', 1), ('龍華', 1), ('觀瀾', 1), ('PCB廠欣興子公司聯能科技（深圳）有限公司', 1), ('聯能科技', 1), ('奇宏電子（深圳）有限公司', 1), ('深圳興奇宏科技有限公司', 1), ('奇鋐', 1), ('上海永裕', 1), ('上海永裕塑膠有限公司', 1), ('上海子公司', 1), ('富聯', 1), ('全國商業總會', 1), ('新北市政府', 1), ('世界台灣商會聯合總會', 1), ('商總', 1), ('台中銀證券', 1), ('行政院主計總處', 1), ('立法院財政委員會', 1), ('中油', 1), ('馬基特公司', 1), ('遠傳電信', 1), ('遠傳', 1)]), ('娛樂', [('多曼尼製作公司', 5), ('多曼尼', 4), ('歸亞蕾', 2), ('愛奇藝', 1), ('中央社', 1), ('路透社', 1), ('中國電視公司', 1), ('教育部', 1), ('奧斯卡', 1), ('塔弗茲大學', 1), ('茱麗亞學院', 1), ('紅杉娛樂', 1), ('紐約電影學院', 1), ('曼尼製作公司', 1)]), ('生活', [('台電', 9), ('台中一中', 6), ('台彩', 3), ('桃機公司', 3), ('中央社', 3), ('農委會', 3), ('北捷', 3), ('恭醫院', 3), ('雲頂集團', 3), ('中央流行疫情指揮中心', 2), ('中央氣象局', 2), ('中一中', 2), ('彰化縣衛生局', 2), ('雲頂郵輪集團', 2), ('航港局', 2), ('中央疫情指揮中心', 1), ('南投縣政府', 1), ('桃園國際機場公司', 1), ('桃機場公司', 1), ('氣象局', 1), ('農委會畜牧處', 1), ('台北捷運', 1), ('台灣奧的斯電梯股份有限公司', 1), ('為恭醫院', 1), ('衛福部中央健康保險署', 1), ('恭醫院泌尿科', 1), ('彰化縣政府衛生局', 1), ('衛生局', 1), ('北藝大', 1), ('民進黨', 1), ('雲頂', 1), ('交通部', 1), ('大永行銷有限公司', 1), ('農業人力發展辦公室', 1)]), ('國際', [('香港觀察', 8), ('路透社', 7), ('歐盟', 6), ('法新社', 4), ('北約', 3), ('CPTPP', 3), ('仙台市議會', 3), ('WHO', 3), ('歐洲聯盟', 2), ('克里姆林宮', 2), ('國會', 2), ('伊朗外交部', 2), ('美國央行', 2), ('白宮', 2), ('國安會', 2), ('中央社', 1), ('英超足球隊', 1), ('EU', 1), ('Gazprom', 1), ('美國國務院', 1), ('華府', 1), ('NATO', 1), ('TV2電視台', 1), ('印度財政部', 1), ('聯合國', 1), ('美國聯邦準備理事會', 1), ('恆生科技', 1), ('阿里巴巴', 1), ('騰訊', 1), ('鴻海', 1), ('首爾', 1), ('中央政府', 1), ('中央電視台', 1), ('中共中央外事工作委員會辦公室', 1), ('國務院', 1), ('美國有線電視新聞網（CNN）', 1), ('拜習視訊會', 1), ('美國洛克希德馬丁公司', 1), ('美國波音公司', 1), ('國防部長', 1), ('參議院', 1), ('民主黨', 1)]), ('社會', [('消防局', 9), ('環保局', 8), ('台南高分院', 6), ('桃機公司', 6), ('嘉義地院', 5), ('中央社', 4), ('國稅局', 4), ('新北分署', 4), ('高雄市區監理所', 4), ('花蓮分署', 3), ('家樂福', 3), ('台電', 3), ('北投分局', 2), ('嘉義地方法院', 2), ('嘉義地檢署', 2), ('太平洋電線電纜公司', 2), ('太平洋網球基金會', 2), ('台北地方法院', 2), ('北院', 2), ('監理所', 2), ('中華', 2), ('新竹縣消防局', 2), ('苗栗縣警察局通霄分局', 1), ('苗栗地檢署', 1), ('台灣高等法院台南分院', 1), ('竹東警分局', 1), ('新竹地檢署', 1), ('台灣高等法院', 1), ('嘉檢', 1), ('淡江大學國際貿易學系', 1), ('太電集團', 1), ('台灣大哥大', 1), ('微風集團', 1), ('航警局刑警大隊', 1), ('交通部長', 1), ('航空警察局', 1), ('機場公司', 1), ('台中市警察局刑警大隊', 1), ('台中地檢署', 1), ('新北市政府警察局', 1), ('新莊警分局', 1), ('新北市警察局新莊分局', 1), ('新北市警察局', 1), ('法務部行政執行署花蓮分署', 1), ('台中市烏日警分局', 1), ('台中市政府交通局交通事件裁決處', 1), ('台北地檢署', 1), ('財政部', 1), ('法務部行政執行署', 1), ('高雄市警察局交通大隊', 1), ('經發局', 1), ('家樂福公共事務部', 1), ('新北地院', 1), ('新北地方法院', 1), ('中華民國犯罪矯正協會', 1), ('高屏分會', 1), ('法務部公務人員協會', 1), ('法務部', 1), ('台北市大同大學', 1), ('台北市消防局', 1), ('新桃電力股份有限公司', 1), ('關西分隊', 1), ('新桃電廠', 1), ('市政府環保局', 1), ('仁美國中', 1), ('環保署', 1), ('教育局長', 1), ('台中地院', 1)]), ('文化', [('故宮', 20), ('巴雀弦樂團', 7), ('文化部', 6), ('中央社', 4), ('民進黨籍', 4), ('國台交', 4), ('文化局', 3), ('德意志銀行', 3), ('明華園總團', 2), ('寬宏', 2), ('國民黨籍', 2), ('高雄市國樂團', 2), ('日本全男舞團', 1), ('東京鷹', 1), ('紐約大學藝術學院', 1), ('國立傳統藝術中心', 1), ('文化部駐雪梨辦事處文化組', 1), ('文化部長', 1), ('行政院', 1), ('國立故宮博物院', 1), ('立法院', 1), ('台灣中研院', 1), ('高市文化局', 1), ('屏東縣政府', 1), ('迪士尼劇場製作集團', 1), ('台萊爾富', 1), ('立法院教育及文化委員會', 1), ('南院', 1), ('柏林愛樂室內樂廳', 1), ('漢堡易北愛樂廳', 1), ('好海洋音樂暨表演藝術推廣協會', 1), ('HoHaiYan Arts', 1), ('Camerata Taiwan', 1), ('NSO國家交響樂團', 1), ('2022巴雀弦樂團', 1), ('交通部', 1), ('台南市政府文化局', 1), ('台南市文化資產管理處', 1), ('華視', 1), ('華園天字戲劇團', 1), ('秀琴歌劇團', 1), ('春美歌劇團', 1), ('國藝會', 1), ('波士頓清', 1), ('國台交樂團', 1), ('新媒體藝術系', 1)]), ('兩岸', [('中國外交部', 3), ('網信辦', 2), ('富士康', 2), ('香港醫學組織聯會', 2), ('聯宇科技有限公司', 1), ('中央社', 1), ('台商子女學校', 1), ('廣東公安廳', 1), ('央視', 1), ('中國國家互聯網信息辦公室', 1), ('阿里巴巴', 1), ('騰訊', 1), ('中華民國外交部', 1), ('香港衛生防護中心傳染病處', 1), ('醫管局', 1), ('默沙東', 1), ('輝瑞藥廠', 1), ('中共', 1), ('港府', 1), ('中國國家新聞出版署', 1), ('英國廣播公司', 1), ('美國賓州大學', 1), ('浸會大學傳理與影視學院新聞系', 1), ('中國喉舌新華社', 1), ('香港大學醫學院微生物學系', 1), ('國家院', 1), ('經濟政策委員會', 1), ('德國之聲', 1), ('康乃爾大學', 1), ('俄羅斯銀行', 1), ('政治風險顧問公司歐亞集團', 1), ('中國政府', 1), ('北京人民大學國際關係學院', 1), ('中國國務院參事室公共政策研究中心', 1), ('中國央行', 1), ('美國聯準會', 1), ('Fed', 1), ('中國人民銀行', 1), ('中國社會科學院', 1), ('美聯儲', 1), ('中信', 1), ('央行', 1), ('中文大學醫學院', 1), ('賽馬會公共衛生及基層醫療學院', 1), ('中國信息通信研究院', 1), ('中國移動', 1), ('中國電信', 1), ('中國聯通', 1), ('美國證券管理委員會', 1), ('SEC', 1), ('百濟神州', 1), ('百勝中國', 1), ('再鼎醫藥', 1), ('盛美半導體', 1), ('黃醫藥', 1), ('證監會', 1), ('美國監管部門', 1), ('中國投資銀行中金公司', 1), ('中國證監會', 1), ('香港社會服務聯會', 1), ('中國衛健委', 1), ('中國國家衛生健康委員會', 1), ('新疆生產建設兵團', 1), ('新華社', 1), ('衛健委', 1), ('中國國家傳染病醫學中心', 1), ('復旦大學', 1), ('華山醫院', 1), ('香港大學', 1)]), ('全部', [('中央社', 29), ('蘋果', 20), ('故宮', 20), ('歐盟', 18), ('外交部', 16), ('立法院', 14), ('台電', 12), ('行政院', 11), ('獅隊', 11), ('路透社', 10), ('台銀', 10), ('監察院', 9), ('桃猿隊', 9), ('陽明', 9), ('國票金', 9), ('金管會', 9), ('桃機公司', 9), ('消防局', 9), ('揚弈科技', 8), ('華碩', 8), ('偉詮電', 8), ('香港觀察', 8), ('環保局', 8), ('國防部', 7), ('國民黨', 7), ('CPTPP', 7), ('民進黨', 7), ('友通', 7), ('巴雀弦樂團', 7), ('內政部', 6), ('法新社', 6), ('中研院', 6), ('兄弟', 6), ('聯準會', 6), ('長榮航空', 6), ('祥碩', 6), ('中環', 6), ('台中一中', 6), ('台南高分院', 6), ('文化部', 6), ('政府', 5), ('桃猿', 5), ('陽明海運', 5), ('長榮航', 5), ('華研', 5), ('敬鵬', 5), ('農委會', 5), ('永裕', 5), ('多曼尼製作公司', 5), ('嘉義地院', 5), ('南山高中', 4), ('世界桌球職業大聯盟', 4), ('味全龍隊', 4), ('中信', 4), ('美國聯準會', 4), ('長榮', 4), ('台積電', 4), ('友達', 4), ('元晶', 4), ('國安會', 4), ('多曼尼', 4), ('國稅局', 4), ('新北分署', 4), ('高雄市區監理所', 4), ('民進黨籍', 4), ('國台交', 4), ('工總', 3), ('空軍', 3), ('宏達電', 3), ('統一獅隊', 3), ('中華', 3), ('台北興富發隊', 3), ('聯電', 3), ('欣興', 3), ('鴻海', 3), ('群創', 3), ('中鋼', 3), ('聯發科', 3), ('豐田', 3), ('立法院交通委員會', 3), ('國家通訊傳播委員會', 3), ('交通部', 3), ('鑫創科技', 3), ('工業富聯', 3), ('僑委會', 3), ('歐盟執委會', 3), ('亞太電信', 3), ('台彩', 3), ('北捷', 3), ('恭醫院', 3), ('雲頂集團', 3), ('北約', 3), ('仙台市議會', 3), ('WHO', 3), ('花蓮分署', 3), ('家樂福', 3), ('文化局', 3), ('德意志銀行', 3), ('中國外交部', 3), ('中央', 2), ('北市府', 2), ('澳洲國會', 2), ('紐約台灣商會', 2), ('空軍司令部', 2), ('台灣海洋科技研究中心', 2), ('印度科技部', 2), ('Meta', 2), ('國研院', 2), ('太空中心', 2), ('Tim哥', 2), ('康乃爾大學', 2), ('敏實科技大學', 2), ('LINE', 2), ('平等國小', 2), ('OCBC Arena', 2), ('統一', 2), ('綠衫軍', 2), ('財政部', 2), ('國泰台灣高股息基金', 2), ('大慕影藝', 2), ('和碩', 2), ('台達電', 2), ('聯強', 2), ('仁寶', 2), ('英業達', 2), ('中美晶', 2), ('信驊', 2), ('晶技', 2), ('東鹼', 2), ('蘋果新聞網', 2), ('長春廠', 2), ('鴻海集團', 2), ('主計總處', 2), ('歸亞蕾', 2), ('中央流行疫情指揮中心', 2), ('中央氣象局', 2), ('中一中', 2), ('彰化縣衛生局', 2), ('雲頂郵輪集團', 2), ('航港局', 2), ('歐洲聯盟', 2), ('克里姆林宮', 2), ('國會', 2), ('伊朗外交部', 2), ('美國央行', 2), ('阿里巴巴', 2), ('騰訊', 2), ('白宮', 2), ('北投分局', 2), ('嘉義地方法院', 2), ('嘉義地檢署', 2), ('太平洋電線電纜公司', 2), ('太平洋網球基金會', 2), ('台北地方法院', 2), ('北院', 2), ('監理所', 2), ('新竹縣消防局', 2), ('明華園總團', 2), ('寬宏', 2), ('國民黨籍', 2), ('高雄市國樂團', 2), ('網信辦', 2), ('富士康', 2), ('香港醫學組織聯會', 2), ('外交部長', 1), ('慈濟', 1), ('國防安全研究院', 1), ('行政院長', 1), ('立法院長', 1), ('立院', 1), ('高雄捷運公司', 1), ('漢翔航空', 1), ('西門子公司', 1), ('中國建設銀行台北分行', 1), ('交通銀行台北分行', 1), ('中國農業銀行台北辦事處', 1), ('中國南方航空台北分公司', 1), ('中國郵政航空台北分公司', 1), ('中國東方航空台北分公司', 1), ('冶春餐廳', 1), ('台灣閩投經濟發展有限公司', 1), ('台灣妙管家股份有限公司', 1), ('雪梨僑教中心', 1), ('雪梨台貿中心', 1), ('FTA', 1), ('自由黨國家聯盟', 1), ('Coalition', 1), ('外交、國防及貿易事務聯席委員會', 1), ('工黨（Labor', 1), ('澳洲聯邦國會', 1), ('澳洲台商會', 1), ('大洋洲商會', 1), ('澳洲台灣同鄉會', 1), ('澳台工商委員會', 1), ('海巡署', 1), ('黑鷹', 1), ('國立嘉義高中', 1), ('嘉中', 1), ('嘉義市北興國中', 1), ('語大', 1)])]"
PERCENT,"[('政治', [('5%', 1), ('45%', 1)]), ('科技', [('100%', 1), ('7成', 1), ('70%', 1), ('11%', 1), ('90%', 1), ('60%', 1)]), ('運動', []), ('證卷', [('20%', 4), ('5.58%', 3), ('15.09%', 2), ('2.81%', 2), ('1.44%', 2), ('60%', 2), ('6%', 2), ('4.5%', 2), ('2.1%', 2), ('0.01%', 2), ('4714', 1), ('4%', 1), ('70.3%', 1), ('17%', 1), ('68.4%', 1), ('87.4%', 1), ('106.4%', 1), ('21.8%', 1), ('93.9%', 1), ('6.1個百分點', 1), ('38.4 %', 1), ('1成', 1), ('14%', 1), ('21.6%', 1), ('9.05%', 1), ('8.44%', 1), ('41.04%', 1), ('1.2%', 1), ('5.23%', 1), ('19.77%', 1), ('0.93%', 1), ('6.59%', 1), ('40%', 1), ('100%', 1), ('2.858%', 1), ('6.33%', 1), ('6成', 1), ('14.56%', 1), ('12.97個百分點', 1), ('2.03%', 1), ('2.72%', 1), ('0.4%', 1), ('18.83%', 1), ('4.36%', 1), ('19.9%', 1), ('8%至9%', 1), ('22%', 1), ('58.2%', 1), ('52%', 1), ('5.91%', 1), ('5.8%', 1), ('0.58%', 1), ('近百點', 1), ('0.62%', 1), ('0.69%', 1), ('0.82%', 1), ('0.61%', 1), ('0.45%', 1), ('0.98%', 1), ('0.54%', 1), ('0.71%', 1)]), ('產經', [('3%', 3), ('2%', 3), ('5成', 2), ('數百分比', 1), ('兩位數百分比', 1), ('22%', 1), ('1.12', 1), ('2成', 1), ('1成', 1), ('5%', 1), ('5.1%', 1), ('4.0%', 1), ('6.43%', 1), ('14.8%', 1), ('1.8%', 1), ('5.09%', 1), ('4.56%', 1), ('0.53個百分點', 1), ('2位數百分比', 1), ('35%', 1), ('40%', 1), ('46%', 1), ('25%', 1), ('30%', 1), ('60%', 1), ('1%', 1), ('1.5%', 1), ('2位', 1), ('10%', 1), ('6%', 1), ('2.6%', 1), ('0%', 1), ('0.1個百分點', 1), ('4.6%', 1), ('.93%', 1), ('4.42%', 1), ('1.93%', 1)]), ('娛樂', []), ('生活', [('3.5%', 1), ('20%', 1), ('60%', 1), ('16%', 1), ('4成比例', 1), ('38.27%', 1), ('9.50%', 1), ('1.23個百分點', 1), ('9%', 1), ('30%', 1), ('0%', 1), ('0.09%', 1), ('0.01%', 1)]), ('國際', [('80%', 1), ('2-3%', 1), ('40%', 1), ('1.05兆盧比', 1), ('4個百分點', 1), ('5.0%', 1), ('11%', 1), ('1/10', 1), ('1700萬', 1), ('2.6%', 1), ('0.6%', 1), ('019', 1), ('83.1%', 1), ('0.8個百分點', 1), ('40.8%', 1)]), ('社會', [('9.50%', 1), ('1.23%', 1), ('7.23%', 1)]), ('文化', []), ('兩岸', [('4.97%', 1), ('2萬6908', 1), ('0.56%', 1), ('95%', 1), ('60%', 1), ('0.08%', 1), ('1.86%', 1), ('2.89%', 1), ('12%', 1), ('54.6%', 1), ('3%', 1), ('40%', 1), ('5.5%', 1), ('52%', 1), ('94%', 1), ('0.1%', 1)]), ('全部', [('60%', 6), ('20%', 5), ('40%', 4), ('3%', 4), ('5.58%', 3), ('6%', 3), ('0.01%', 3), ('2%', 3), ('5%', 2), ('100%', 2), ('11%', 2), ('15.09%', 2), ('2.81%', 2), ('1成', 2), ('1.44%', 2), ('4.5%', 2), ('2.1%', 2), ('22%', 2), ('52%', 2), ('5成', 2), ('30%', 2), ('2.6%', 2), ('0%', 2), ('9.50%', 2), ('45%', 1), ('7成', 1), ('70%', 1), ('90%', 1), ('4714', 1), ('4%', 1), ('70.3%', 1), ('17%', 1), ('68.4%', 1), ('87.4%', 1), ('106.4%', 1), ('21.8%', 1), ('93.9%', 1), ('6.1個百分點', 1), ('38.4 %', 1), ('14%', 1), ('21.6%', 1), ('9.05%', 1), ('8.44%', 1), ('41.04%', 1), ('1.2%', 1), ('5.23%', 1), ('19.77%', 1), ('0.93%', 1), ('6.59%', 1), ('2.858%', 1), ('6.33%', 1), ('6成', 1), ('14.56%', 1), ('12.97個百分點', 1), ('2.03%', 1), ('2.72%', 1), ('0.4%', 1), ('18.83%', 1), ('4.36%', 1), ('19.9%', 1), ('8%至9%', 1), ('58.2%', 1), ('5.91%', 1), ('5.8%', 1), ('0.58%', 1), ('近百點', 1), ('0.62%', 1), ('0.69%', 1), ('0.82%', 1), ('0.61%', 1), ('0.45%', 1), ('0.98%', 1), ('0.54%', 1), ('0.71%', 1), ('數百分比', 1), ('兩位數百分比', 1), ('1.12', 1), ('2成', 1), ('5.1%', 1), ('4.0%', 1), ('6.43%', 1), ('14.8%', 1), ('1.8%', 1), ('5.09%', 1), ('4.56%', 1), ('0.53個百分點', 1), ('2位數百分比', 1), ('35%', 1), ('46%', 1), ('25%', 1), ('1%', 1), ('1.5%', 1), ('2位', 1), ('10%', 1), ('0.1個百分點', 1), ('4.6%', 1), ('.93%', 1), ('4.42%', 1), ('1.93%', 1), ('3.5%', 1), ('16%', 1), ('4成比例', 1), ('38.27%', 1), ('1.23個百分點', 1), ('9%', 1), ('0.09%', 1), ('80%', 1), ('2-3%', 1), ('1.05兆盧比', 1), ('4個百分點', 1), ('5.0%', 1), ('1/10', 1), ('1700萬', 1), ('0.6%', 1), ('019', 1), ('83.1%', 1), ('0.8個百分點', 1), ('40.8%', 1), ('1.23%', 1), ('7.23%', 1), ('4.97%', 1), ('2萬6908', 1), ('0.56%', 1), ('95%', 1), ('0.08%', 1), ('1.86%', 1), ('2.89%', 1), ('12%', 1), ('54.6%', 1), ('5.5%', 1), ('94%', 1), ('0.1%', 1)])]"
PERSON,"[('政治', [('黃重凱', 24), ('柳惠千', 13), ('喬建中', 12), ('徐國勇', 11), ('季欽', 8), ('許舒博', 7), ('游錫堃', 6), ('侯富議', 6), ('蘇貞昌', 5), ('吳釗燮', 4), ('許佑格', 4), ('范惠君', 4), ('歐布萊恩', 4), ('陳其邁', 3), ('柯文哲', 3), ('陳智菡', 3), ('黃鼎翔', 3), ('王同義', 3), ('王美惠', 3), ('許邁德', 2), ('蔣萬安', 2), ('蔡練生', 2), ('沈榮津', 2), ('朱冠甍', 1), ('蘇紫雲', 1), ('蔣經國', 1), ('陳長江', 1), ('沈啟明', 1), ('周艷', 1), ('劉瑞寧', 1), ('賴新峰', 1), ('王奕然', 1), ('惠楊', 1), ('申濱', 1), ('李華', 1), ('李群', 1), ('施博祥', 1), ('蘇莉莉', 1), ('林栢梧', 1), ('葉義深', 1), ('蔡福松', 1), ('熊厚基', 1), ('陳元泰', 1), ('張仁澤', 1), ('黃重凱平', 1), ('葉宜津', 1), ('蔡崇義', 1), ('賴鼎銘', 1), ('王文淵', 1), ('洪孟楷', 1), ('吳彬福', 1), ('吳世峰', 1), ('江金亮', 1), ('劉浩帆', 1), ('張健翔', 1), ('何威克', 1), ('虞德忠', 1), ('劉永祥', 1), ('鄭育騰', 1), ('何子雨', 1)]), ('科技', [('林柏亨', 6), ('吳偉仁', 5), ('包淳偉', 4), ('黃晨瑋', 4), ('廖俊智', 4), ('波博', 3), ('黃文山', 3), ('艾偉', 3), ('王金燦', 2), ('庫克', 2), ('曾信超', 2), ('波皮斯庫', 2), ('王兆璋', 1), ('希塔拉姆', 1), ('吳宗信', 1), ('葉均蔚', 1), ('楊勇', 1), ('陳信安', 1), ('Tim哥', 1), ('夏哈', 1), ('Tim Cook）', 1), ('林文燦', 1), ('陳祺助', 1), ('林全能', 1), ('柯文哲', 1), ('侯友宜', 1), ('簡又新', 1)]), ('運動', [('林昀儒', 24), ('鄭怡靜', 24), ('莊智淵', 17), ('陳將双', 12), ('潘武雄', 10), ('陳建安', 8), ('布雷迪', 7), ('布魯娜', 6), ('賈奈特', 6), ('艾倫', 6), ('塞爾蒂克', 5), ('李恩芯', 5), ('王志庭', 4), ('施冠宇', 4), ('加奇尼', 4), ('樂天', 3), ('安宰賢', 3), ('巴特瑞', 3), ('梁家榮', 3), ('黃子鵬', 3), ('高飛', 3), ('郭俊麟', 3), ('陳冠宇', 3), ('皮爾斯', 3), ('帕森斯', 3), ('岱縈', 2), ('筠熹', 2), ('摩賈德', 2), ('林鍾勳', 2), ('張禹珍', 2), ('周哲宇', 2), ('張志豪', 2), ('王威晨', 2), ('江國豪', 2), ('官大元', 2), ('施子謙', 2), ('陳思羽', 2), ('約爾吉奇', 2), ('浦韋青', 1), ('胡瓜', 1), ('林襄', 1), ('霖霖', 1), ('伊婷（Kira）', 1), ('詩媛', 1), ('佳琳', 1), ('雅涵', 1), ('婉卉', 1), ('宋宋', 1), ('Tru', 1), ('Manika Batra', 1), ('林立', 1), ('何恆佑', 1), ('李丞齡', 1), ('萬昭清', 1), ('蘇俊羽', 1), ('王躍霖', 1), ('朱俊祥', 1), ('林立安', 1), ('藍寅倫', 1), ('林泓育', 1), ('林柏安', 1), ('黃明真', 1), ('邱邦', 1), ('曾傳昇安', 1), ('張祐嘉', 1), ('劉基鴻', 1), ('李展毅', 1), ('董秉軒', 1), ('潘志芳', 1), ('陳韋霖', 1), ('林逸翔', 1), ('曾峻岳', 1), ('高國輝', 1), ('陽春', 1), ('陽耀勳', 1), ('戴培峰', 1), ('申皓瑋', 1), ('江坤宇', 1), ('林書逸安', 1), ('吳哲源', 1), ('王奕凱', 1), ('吳俊偉', 1), ('王鏡銘', 1), ('林智平', 1), ('林政華', 1), ('蔡鎮宇', 1), ('林子豪', 1), ('高國慶', 1), ('陳傑憲', 1), ('劉予承', 1), ('伊藤美誠', 1), ('劉馨尹', 1), ('孫穎莎', 1), ('王曼昱', 1), ('樂天桃猿', 1), ('石川佳純', 1), ('瑪泰洛娃', 1), ('Ray Allen', 1), ('唐西奇', 1), ('丁威迪', 1), ('習近平', 1), ('廖振珽', 1), ('曾尖', 1), ('賴清德', 1), ('陳信安', 1), ('吳思瑤', 1), ('潘文忠', 1), ('張俊生', 1), ('鄭名斈', 1), ('謝銘駿', 1), ('黃子芸', 1)]), ('證卷', [('林耕億', 3), ('葉獻文', 2), ('李昌鴻', 2), ('黃水可', 1)]), ('產經', [('陳耀祥', 17), ('朱澤民', 9), ('曾博昇', 6), ('杜書全', 5), ('蘇松輝', 4), ('趙正宇', 3), ('林崇燾', 3), ('童振源', 3), ('郭幸容', 2), ('林德福', 2), ('吳秉叡', 2), ('李昆澤', 2), ('丁予嘉', 1), ('魏啟林', 1), ('佛里奇', 1), ('史屈特', 1), ('Susannah Streeter）', 1), ('林楚茵', 1), ('許智傑', 1), ('林俊憲', 1), ('陳素月', 1), ('劉世芳', 1), ('費多羅夫', 1), ('林見松', 1), ('陳阡蕙', 1), ('李玉香', 1), ('高嘉瑜', 1), ('許淑華', 1)]), ('娛樂', [('唐川', 20), ('歸亞蕾', 18), ('炎亞綸', 11), ('威廉赫特', 10), ('莊凱勛', 8), ('楊藜', 8), ('林暉閔', 7), ('納豆', 7), ('黃新皓', 6), ('珍康萍', 6), ('曹格', 6), ('侯友宜', 5), ('黃子佼', 5), ('百白', 4), ('孟耿如', 4), ('吳慷仁', 4), ('林心如', 4), ('郭宇宸', 3), ('茶金', 3), ('温昇豪', 3), ('郭子乾', 3), ('葉如芬', 3), ('楊雅喆', 3), ('連俞涵', 2), ('桂綸鎂', 2), ('威爾史密斯', 2), ('蔡英文', 2), ('林思宇', 2), ('陸夏', 2), ('張書豪', 2), ('張睿家', 2), ('姚愛寗', 2), ('林煒傑', 1), ('李見騰', 1), ('黃云歆', 1), ('葉泓毅', 1), ('郝心翔', 1), ('柏霖', 1), ('林郁智', 1), ('阿Ken', 1), ('林暐恆', 1), ('徐熙娣', 1), ('黃路梓茵', 1), ('陳嘉樺', 1), ('彭佳慧', 1), ('藍心湄', 1), ('張可昀', 1), ('蔡嘉茵', 1), ('大威', 1), ('小威', 1), ('喬安娜史坎蘭', 1), ('特洛伊科特蘇爾', 1), ('亞莉安娜', 1), ('黛博塞', 1), ('格雷格弗萊瑟', 1), ('周冠威', 1), ('理查', 1), ('曾均崧', 1), ('川哥', 1), ('川爸', 1), ('日頭哥', 1), ('天眼', 1), ('劉伯溫傳奇', 1), ('陂塘', 1), ('威爾', 1), ('赫特', 1), ('玉米', 1), ('姚愛寗心', 1), ('吳嘉星', 1), ('李安', 1), ('梅莉史翠普', 1), ('多曼尼', 1), ('劉品言', 1), ('謝瓊煖', 1), ('謝欣穎', 1), ('江宜蓉', 1)]), ('生活', [('陳時中', 13), ('彭佳偉', 13), ('黃恩鴻', 5), ('李宗宏', 3), ('江文全', 2), ('邱基旭', 2), ('蔡佩君', 2), ('王力宏', 1), ('王惠美', 1), ('柯文哲', 1)]), ('國際', [('蘇利文', 5), ('楊潔篪', 4), ('阿布拉莫維奇', 3), ('蒲亭', 3), ('米佐塔基斯', 3), ('羅傑斯', 3), ('波多利雅科', 3), ('切爾西', 2), ('潘恩', 2), ('拉夫羅夫', 2), ('阿布杜拉希安', 2), ('哈蒂柏札德', 2), ('奧德洛', 2), ('霍恩', 2), ('蕭茲', 2), ('布魯塞爾', 1), ('Marise Payne）', 1), ('米勒', 1), ('Alexey Miller）', 1), ('穆罕穆德', 1), ('Sheikh ', 1), ('波瑞爾', 1), ('普萊斯', 1), ('Vladimir Putin）', 1), ('拜登（Joe Biden）', 1), ('習近平', 1), ('岸田文雄', 1), ('岸田', 1), ('福山哲郎', 1), ('福山', 1)]), ('社會', [('戴寧', 8), ('孫道存', 7), ('鄭文燦', 6), ('孫芸芸', 4), ('孫瑩瑩', 3), ('孫智宏', 3), ('張女', 2), ('陳澤嘉', 2), ('吳逸萍', 2), ('莊英壽', 2), ('李作宏', 2), ('馬男', 1), ('洪裕翔', 1), ('何念慈育', 1), ('廖偉志', 1), ('廖鎮漢', 1), ('王國材', 1), ('蘇男', 1), ('劉育麟', 1), ('陳依芳', 1), ('邱仁德', 1), ('林明裕', 1), ('蔡英文', 1)]), ('文化', [('吳密察', 15), ('平珩', 10), ('吳蠻', 7), ('潘孟安', 6), ('吳思瑤', 5), ('楊書涵', 5), ('李其叡', 5), ('張徐展', 5), ('蔡采崴', 4), ('陳悅宜', 3), ('孫翠鳳', 3), ('朱天文', 3), ('顏伯駿', 3), ('鄭志偉', 3), ('朱安麗', 3), ('柳美', 3), ('大衛．胡斯', 3), ('李安', 2), ('譚盾', 2), ('阿儒瓦苡．篙瑪竿', 2), ('朱西甯', 2), ('李永得', 2), ('辜達齊', 2), ('黃致凱', 2), ('郭耀仁', 2), ('方志友', 2), ('謝瓊煖', 2), ('蔡燦得', 2), ('陳家逵', 2), ('張廖萬堅', 2), ('楊文信', 2), ('林佳瑩', 2), ('葉澤山', 2), ('郭春美', 2), ('林曼麗', 2), ('戴維斯', 2), ('侯傳安', 2), ('瑪芮娜', 1), ('羅曼菲', 1), ('武玉玲', 1), ('阿儒瓦苡．篙瑪', 1), ('安．芙拉娜根', 1), ('范惠君', 1), ('施百俊', 1), ('劉瑞琪', 1), ('吳侑函', 1), ('徹摩', 1), ('蘇達', 1), ('邱祖胤', 1), ('劉慕沙', 1), ('朱天衣', 1), ('吳桓中', 1), ('張若瑤', 1), ('陳其邁', 1), ('史哲', 1), ('狄志杰', 1), ('元介', 1), ('朱宥琳', 1), ('陳建凱', 1), ('蘇銘', 1), ('楊秀卿', 1), ('吳栯禔', 1), ('費利佩岡巴', 1), ('茱莉泰默', 1), ('黃國書', 1), ('萬美玲', 1), ('趙季平', 1), ('董榕森', 1), ('鄭思森', 1), ('關迺忠', 1), ('林奕華', 1), ('彭子程', 1), ('菅芒花', 1), ('李孟坡', 1), ('理查．史特勞斯', 1), ('穆勒', 1), ('簡碧青', 1), ('彭靖', 1), ('撒部．噶照', 1), ('陳昭香', 1), ('張秀琴', 1), ('阿婆蘭', 1), ('柴科夫斯基', 1), ('斯特內斯', 1), ('蕭士塔科維契', 1)]), ('兩岸', [('薛達', 6), ('林鄭月娥', 5), ('劉兆佳', 5), ('雷正龍', 3), ('趙立堅', 3), ('李希', 3), ('希魯阿諾夫', 3), ('王晟', 3), ('布吉敏', 2), ('蒲亭', 2), ('余永定', 2), ('張文宏', 2), ('林柏偉', 1), ('林伯偉', 1), ('黃守應', 1), ('王長青', 1), ('崔靜麟', 1), ('張竹君', 1), ('梁萬年', 1), ('高拔陞', 1), ('許樹昌', 1), ('鄭月娥', 1), ('閭丘露薇', 1), ('阿雷菲耶夫', 1), ('麥維德夫', 1), ('湯瑪斯（Neil Thomas）', 1), ('翟東升', 1), ('胡偉', 1), ('郭健安', 1), ('聶德權', 1), ('張宏文', 1), ('讓特', 1)]), ('全部', [('黃重凱', 24), ('林昀儒', 24), ('鄭怡靜', 24), ('唐川', 20), ('歸亞蕾', 18), ('莊智淵', 17), ('陳耀祥', 17), ('吳密察', 15), ('柳惠千', 13), ('陳時中', 13), ('彭佳偉', 13), ('喬建中', 12), ('陳將双', 12), ('徐國勇', 11), ('炎亞綸', 11), ('潘武雄', 10), ('威廉赫特', 10), ('平珩', 10), ('朱澤民', 9), ('季欽', 8), ('陳建安', 8), ('莊凱勛', 8), ('楊藜', 8), ('戴寧', 8), ('許舒博', 7), ('布雷迪', 7), ('林暉閔', 7), ('納豆', 7), ('孫道存', 7), ('吳蠻', 7), ('游錫堃', 6), ('侯富議', 6), ('林柏亨', 6), ('侯友宜', 6), ('布魯娜', 6), ('賈奈特', 6), ('艾倫', 6), ('吳思瑤', 6), ('曾博昇', 6), ('黃新皓', 6), ('珍康萍', 6), ('曹格', 6), ('鄭文燦', 6), ('潘孟安', 6), ('薛達', 6), ('蘇貞昌', 5), ('柯文哲', 5), ('范惠君', 5), ('吳偉仁', 5), ('塞爾蒂克', 5), ('李恩芯', 5), ('杜書全', 5), ('黃子佼', 5), ('黃恩鴻', 5), ('蒲亭', 5), ('蘇利文', 5), ('楊書涵', 5), ('李其叡', 5), ('張徐展', 5), ('林鄭月娥', 5), ('劉兆佳', 5), ('吳釗燮', 4), ('許佑格', 4), ('陳其邁', 4), ('歐布萊恩', 4), ('包淳偉', 4), ('黃晨瑋', 4), ('廖俊智', 4), ('王志庭', 4), ('施冠宇', 4), ('加奇尼', 4), ('蘇松輝', 4), ('百白', 4), ('孟耿如', 4), ('吳慷仁', 4), ('林心如', 4), ('楊潔篪', 4), ('孫芸芸', 4), ('蔡采崴', 4), ('陳智菡', 3), ('黃鼎翔', 3), ('王同義', 3), ('王美惠', 3), ('波博', 3), ('黃文山', 3), ('艾偉', 3), ('樂天', 3), ('安宰賢', 3), ('巴特瑞', 3), ('梁家榮', 3), ('黃子鵬', 3), ('高飛', 3), ('郭俊麟', 3), ('陳冠宇', 3), ('皮爾斯', 3), ('帕森斯', 3), ('林耕億', 3), ('趙正宇', 3), ('林崇燾', 3), ('童振源', 3), ('郭宇宸', 3), ('茶金', 3), ('温昇豪', 3), ('郭子乾', 3), ('葉如芬', 3), ('楊雅喆', 3), ('蔡英文', 3), ('李安', 3), ('謝瓊煖', 3), ('李宗宏', 3), ('阿布拉莫維奇', 3), ('米佐塔基斯', 3), ('羅傑斯', 3), ('波多利雅科', 3), ('孫瑩瑩', 3), ('孫智宏', 3), ('陳悅宜', 3), ('孫翠鳳', 3), ('朱天文', 3), ('顏伯駿', 3), ('鄭志偉', 3), ('朱安麗', 3), ('柳美', 3), ('大衛．胡斯', 3), ('雷正龍', 3), ('趙立堅', 3), ('李希', 3), ('希魯阿諾夫', 3), ('王晟', 3), ('許邁德', 2), ('蔣萬安', 2), ('蔡練生', 2), ('沈榮津', 2), ('王金燦', 2), ('陳信安', 2), ('庫克', 2), ('曾信超', 2), ('波皮斯庫', 2), ('岱縈', 2), ('筠熹', 2), ('摩賈德', 2), ('林鍾勳', 2), ('張禹珍', 2), ('周哲宇', 2), ('張志豪', 2), ('王威晨', 2), ('江國豪', 2), ('官大元', 2), ('施子謙', 2), ('陳思羽', 2), ('約爾吉奇', 2), ('習近平', 2), ('葉獻文', 2), ('李昌鴻', 2), ('郭幸容', 2), ('林德福', 2), ('吳秉叡', 2), ('李昆澤', 2), ('連俞涵', 2), ('桂綸鎂', 2), ('威爾史密斯', 2), ('林思宇', 2), ('陸夏', 2), ('張書豪', 2), ('張睿家', 2), ('姚愛寗', 2), ('江文全', 2), ('邱基旭', 2), ('蔡佩君', 2), ('切爾西', 2), ('潘恩', 2), ('拉夫羅夫', 2), ('阿布杜拉希安', 2), ('哈蒂柏札德', 2), ('奧德洛', 2), ('霍恩', 2), ('蕭茲', 2), ('張女', 2), ('陳澤嘉', 2), ('吳逸萍', 2), ('莊英壽', 2), ('李作宏', 2), ('譚盾', 2), ('阿儒瓦苡．篙瑪竿', 2), ('朱西甯', 2), ('李永得', 2), ('辜達齊', 2), ('黃致凱', 2), ('郭耀仁', 2), ('方志友', 2), ('蔡燦得', 2), ('陳家逵', 2), ('張廖萬堅', 2), ('楊文信', 2), ('林佳瑩', 2), ('葉澤山', 2), ('郭春美', 2), ('林曼麗', 2), ('戴維斯', 2), ('侯傳安', 2)])]"
PRODUCT,"[('政治', [('2000', 3), ('殲16戰機', 2), ('2017', 1), ('殲10戰機', 1), ('ADIZ', 1), ('GBU-10', 1), ('GBU-12', 1), ('Mk 82', 1), ('F-16', 1), ('2058', 1)]), ('科技', [('iPhone SE', 8), ('iPad Air', 8), ('M1 Ultra', 6), ('iPhone', 5), ('Mac Studio', 5), ('LINE', 5), ('SXSW 2022', 4), ('M1 Max', 4), ('Touch ID', 4), ('iPhone 13', 4), ('5G', 3), ('新iPad Air', 3), ('iOS 15.4', 3), ('Face ID', 3), ('A15', 3), ('Google', 3), ('HTC VIVE', 2), ('MyndVR', 2), ('Daisy', 2), ('Studio Display', 2), ('Home鍵', 2), ('iPad', 2), ('Mac', 2), ('USB-C', 2), ('IP67', 2), ('128GB', 2), ('Android 12L', 2), ('XR Experience單元', 1), ('MyndConnect', 1), ('VIVE Flow', 1), ('VIVE ORIGINALS', 1), ('BEATDAY VR', 1), ('Liam', 1), ('福衛八號', 1), ('GPSR', 1), ('iPh', 1), ('5G iPhone', 1), ('iPad Air 5', 1), ('UltraFusion', 1), ('Apple', 1), ('5.4', 1), ('macOS 12.3', 1), ('Apple Pencil', 1), ('Keynote', 1), ('MacRumors', 1), ('iPhone 12', 1), ('Air Wi-Fi', 1), (' Pro Max', 1), ('Intel', 1), ('Counterp', 1), ('HDR 4', 1), ('64GB', 1), ('256GB', 1), ('5G網路', 1), ('M1', 1), ('Apple Pay', 1), (' Pro', 1), ('iPhone 13 Pr', 1), ('alpine green ', 1), ('Android 12', 1), ('Andrei Popescu）', 1), ('YouT', 1)]), ('運動', []), ('證卷', [('波音777-300ER客機', 1), ('777F貨機', 1), ('777-300ER', 1), ('COVID-19', 1)]), ('產經', [('COVID-19', 2)]), ('娛樂', [('KKTV', 1)]), ('生活', []), ('國際', [('F-35', 3), ('F-18', 2), ('Lockh', 1), ('Tornado）', 1), ('Annegr', 1), ('波音', 1), ('龍捲風戰機', 1), ('龍捲風', 1)]), ('社會', []), ('文化', []), ('兩岸', [('COVID-19', 1)]), ('全部', [('iPhone SE', 8), ('iPad Air', 8), ('M1 Ultra', 6), ('iPhone', 5), ('Mac Studio', 5), ('LINE', 5), ('SXSW 2022', 4), ('M1 Max', 4), ('Touch ID', 4), ('iPhone 13', 4), ('COVID-19', 4), ('2000', 3), ('5G', 3), ('新iPad Air', 3), ('iOS 15.4', 3), ('Face ID', 3), ('A15', 3), ('Google', 3), ('F-35', 3), ('殲16戰機', 2), ('HTC VIVE', 2), ('MyndVR', 2), ('Daisy', 2), ('Studio Display', 2), ('Home鍵', 2), ('iPad', 2), ('Mac', 2), ('USB-C', 2), ('IP67', 2), ('128GB', 2), ('Android 12L', 2), ('F-18', 2), ('2017', 1), ('殲10戰機', 1), ('ADIZ', 1), ('GBU-10', 1), ('GBU-12', 1), ('Mk 82', 1), ('F-16', 1), ('2058', 1), ('XR Experience單元', 1), ('MyndConnect', 1), ('VIVE Flow', 1), ('VIVE ORIGINALS', 1), ('BEATDAY VR', 1), ('Liam', 1), ('福衛八號', 1), ('GPSR', 1), ('iPh', 1), ('5G iPhone', 1), ('iPad Air 5', 1), ('UltraFusion', 1), ('Apple', 1), ('5.4', 1), ('macOS 12.3', 1), ('Apple Pencil', 1), ('Keynote', 1), ('MacRumors', 1), ('iPhone 12', 1), ('Air Wi-Fi', 1), (' Pro Max', 1), ('Intel', 1), ('Counterp', 1), ('HDR 4', 1), ('64GB', 1), ('256GB', 1), ('5G網路', 1), ('M1', 1), ('Apple Pay', 1), (' Pro', 1), ('iPhone 13 Pr', 1), ('alpine green ', 1), ('Android 12', 1), ('Andrei Popescu）', 1), ('YouT', 1), ('波音777-300ER客機', 1), ('777F貨機', 1), ('777-300ER', 1), ('KKTV', 1), ('Lockh', 1), ('Tornado）', 1), ('Annegr', 1), ('波音', 1), ('龍捲風戰機', 1), ('龍捲風', 1)])]"
QUANTITY,"[('政治', [('2000呎', 6), ('10浬', 5), ('80公頃', 2), ('1500呎', 1), ('150浬', 1), ('10公尺', 1), ('5.09公尺', 1), ('2馬赫', 1), ('3889公里', 1), ('2至5海浬', 1), ('4000公尺', 1), ('1.5公里', 1), ('90浬', 1), ('500公尺', 1)]), ('科技', [('4.7吋', 3), ('500公里', 1), ('726度', 1), ('攝氏100度', 1), ('零下200度', 1), ('27吋5', 1), ('3.7吋', 1), ('30度', 1), ('27吋', 1), ('10.9吋', 1)]), ('運動', [('143公里', 2), ('3000公尺', 1), ('147公里', 1), ('146公里', 1), ('151公里', 1), ('200公尺', 1)]), ('證卷', [('1.7點', 7), ('17263.04點', 7), ('1點', 2), ('17239點', 2), ('13點', 2), ('804.55點', 2), ('2.9點', 2), ('1.33點', 2), ('1738點', 2), ('14.8點', 2), ('2.63點', 2), (' 17263.04點', 1), ('17338點', 1), ('145.07點', 1), ('25307.85點', 1), ('12.74點', 1), ('1812.28點', 1), ('17333點', 1), ('24.04點', 1), ('17226點', 1), ('17197點', 1), ('17208點', 1), ('9212口', 1), ('801.45點', 1), ('3.55點', 1), ('805.88點', 1), ('1052口', 1), ('1736.8點', 1), ('15點', 1), ('1735.37點', 1), ('12.2點', 1), ('17287.9點', 1), ('17363.04點', 1), ('14899.1點', 1), ('15.51點', 1)]), ('產經', [('1.7點', 1)]), ('娛樂', []), ('生活', [('28.4公里', 1), ('4.3公里', 1), ('28度', 1), ('22度', 1), ('28至30度', 1), ('1.7公分', 1)]), ('國際', [('數百公里', 1)]), ('社會', [('9mm', 2), ('1216公斤', 2), ('200公里', 1), ('3000公斤', 1), ('500公斤', 1), ('716.39公斤', 1), ('7萬平方公尺', 1), ('2萬餘坪', 1), ('60平方公尺', 1), ('30平方公尺', 1)]), ('文化', [('150公斤', 1), ('2公尺', 1), ('7公尺', 1)]), ('兩岸', [('6人', 1), ('2萬點', 1), ('1萬9531點', 1), ('1022點', 1), ('1萬95', 1), ('1.66點', 1), ('3778點', 1), ('11%', 1)]), ('全部', [('1.7點', 8), ('17263.04點', 7), ('2000呎', 6), ('10浬', 5), ('4.7吋', 3), ('80公頃', 2), ('143公里', 2), ('1點', 2), ('17239點', 2), ('13點', 2), ('804.55點', 2), ('2.9點', 2), ('1.33點', 2), ('1738點', 2), ('14.8點', 2), ('2.63點', 2), ('9mm', 2), ('1216公斤', 2), ('1500呎', 1), ('150浬', 1), ('10公尺', 1), ('5.09公尺', 1), ('2馬赫', 1), ('3889公里', 1), ('2至5海浬', 1), ('4000公尺', 1), ('1.5公里', 1), ('90浬', 1), ('500公尺', 1), ('500公里', 1), ('726度', 1), ('攝氏100度', 1), ('零下200度', 1), ('27吋5', 1), ('3.7吋', 1), ('30度', 1), ('27吋', 1), ('10.9吋', 1), ('3000公尺', 1), ('147公里', 1), ('146公里', 1), ('151公里', 1), ('200公尺', 1), (' 17263.04點', 1), ('17338點', 1), ('145.07點', 1), ('25307.85點', 1), ('12.74點', 1), ('1812.28點', 1), ('17333點', 1), ('24.04點', 1), ('17226點', 1), ('17197點', 1), ('17208點', 1), ('9212口', 1), ('801.45點', 1), ('3.55點', 1), ('805.88點', 1), ('1052口', 1), ('1736.8點', 1), ('15點', 1), ('1735.37點', 1), ('12.2點', 1), ('17287.9點', 1), ('17363.04點', 1), ('14899.1點', 1), ('15.51點', 1), ('28.4公里', 1), ('4.3公里', 1), ('28度', 1), ('22度', 1), ('28至30度', 1), ('1.7公分', 1), ('數百公里', 1), ('200公里', 1), ('3000公斤', 1), ('500公斤', 1), ('716.39公斤', 1), ('7萬平方公尺', 1), ('2萬餘坪', 1), ('60平方公尺', 1), ('30平方公尺', 1), ('150公斤', 1), ('2公尺', 1), ('7公尺', 1), ('6人', 1), ('2萬點', 1), ('1萬9531點', 1), ('1022點', 1), ('1萬95', 1), ('1.66點', 1), ('3778點', 1), ('11%', 1)])]"
TIME,"[('政治', [('下午', 10), ('上午', 10), ('11時26分', 5), ('12時6分', 5), ('傍晚', 3), ('中午', 3), ('上午10時8分', 3), ('晚間', 2), ('白天', 2), ('5時', 1), ('一早', 1), ('晚上', 1), ('下午2時', 1), ('晚上6時', 1), ('10時8分', 1), ('11時5分', 1), ('11時53分', 1), ('11時56分', 1), ('12時13分', 1), ('12時18分', 1), ('10至12時', 1), ('1434小時', 1), ('1125小時', 1), ('下午4時10分', 1), ('4月1日中午12時', 1), ('11時59分', 1), ('11時57分', 1), ('凌晨2時', 1)]), ('科技', [('12分鐘', 1), ('18秒', 1), ('凌晨', 1), ('3月11日晚間9時', 1)]), ('運動', [('今晚', 7), ('晚間', 6), ('下午', 2), ('明晚', 1), ('2小時', 1), ('1分21秒', 1), ('11.6秒', 1), ('早上', 1), ('一秒鐘', 1), ('最後一秒', 1)]), ('證卷', [('傍晚', 1), ('上午', 1), ('5秒', 1), ('下午', 1)]), ('產經', [('下午', 4), ('晚間', 3), ('上午', 1), ('8時', 1), ('清晨5時', 1), ('48小時', 1)]), ('娛樂', [('昨晚', 4), ('深夜', 4), ('中午12時', 1), ('下午', 1), ('半小時', 1), ('上午', 1), ('11時10分', 1), ('晚上', 1), ('100分', 1), ('60到70分鐘', 1), ('凌晨', 1), ('20分鐘', 1), ('1小時', 1), ('晚間', 1), ('當晚', 1)]), ('生活', [('下午', 6), ('晚間', 4), ('今晚', 4), ('17日下午', 3), ('今晚7時30分', 1), ('17日上午', 1), ('清晨夜晚', 1), ('10時26分', 1), ('6日中午', 1), ('3月6日中午', 1), ('下午1時5分', 1), ('1時16分', 1), ('3時16分', 1), ('中午', 1), ('30到40分鐘', 1), ('10多分鐘', 1), ('20多分鐘', 1), ('6時', 1)]), ('國際', [('6小時', 1)]), ('社會', [('下午', 11), ('晚間', 2), ('夜間', 2), ('凌晨', 2), ('今晚', 1), ('下午5時許', 1), ('5秒鐘', 1), ('11日晚間', 1), ('當天晚間', 1), ('8時42分', 1), ('0時15分', 1), ('0時45分', 1), ('中午', 1), ('14分', 1), ('11時40分', 1), ('早上', 1), ('約7時30分許', 1), ('7時41分', 1), ('9時10分許', 1), ('24小時', 1), ('半小時', 1), ('下午3時6分許', 1), ('下午3時38分', 1), ('上午', 1), ('近上午', 1), ('下午4時至晚間', 1), ('近中午', 1), ('下午5時', 1), ('上午9時30分', 1)]), ('文化', [('下午', 4), ('晚上', 4), ('上午', 3), ('白天', 2), ('1小時', 2), ('26日晚上7時', 1), ('上午10點', 1), ('夜間', 1), ('3月17日中午', 1), ('11時', 1), ('3月19日晚上', 1), ('9時38分', 1), ('9時45分', 1), ('11時40分', 1), ('7時30分', 1), ('上午10時', 1), ('今晚', 1)]), ('兩岸', [('24小時', 5), ('上午', 3), ('今早', 1), ('下午8時至9時', 1), ('1小時', 1), ('上午8時', 1), ('上午8時許', 1), ('一個小時', 1), ('1時許', 1), ('4小時以上', 1), ('13日24時', 1), ('凌晨', 1)]), ('全部', [('下午', 39), ('上午', 20), ('晚間', 18), ('今晚', 13), ('晚上', 6), ('24小時', 6), ('中午', 5), ('11時26分', 5), ('12時6分', 5), ('凌晨', 5), ('傍晚', 4), ('白天', 4), ('昨晚', 4), ('深夜', 4), ('1小時', 4), ('上午10時8分', 3), ('17日下午', 3), ('夜間', 3), ('早上', 2), ('半小時', 2), ('11時40分', 2), ('5時', 1), ('一早', 1), ('下午2時', 1), ('晚上6時', 1), ('10時8分', 1), ('11時5分', 1), ('11時53分', 1), ('11時56分', 1), ('12時13分', 1), ('12時18分', 1), ('10至12時', 1), ('1434小時', 1), ('1125小時', 1), ('下午4時10分', 1), ('4月1日中午12時', 1), ('11時59分', 1), ('11時57分', 1), ('凌晨2時', 1), ('12分鐘', 1), ('18秒', 1), ('3月11日晚間9時', 1), ('明晚', 1), ('2小時', 1), ('1分21秒', 1), ('11.6秒', 1), ('一秒鐘', 1), ('最後一秒', 1), ('5秒', 1), ('8時', 1), ('清晨5時', 1), ('48小時', 1), ('中午12時', 1), ('11時10分', 1), ('100分', 1), ('60到70分鐘', 1), ('20分鐘', 1), ('當晚', 1), ('今晚7時30分', 1), ('17日上午', 1), ('清晨夜晚', 1), ('10時26分', 1), ('6日中午', 1), ('3月6日中午', 1), ('下午1時5分', 1), ('1時16分', 1), ('3時16分', 1), ('30到40分鐘', 1), ('10多分鐘', 1), ('20多分鐘', 1), ('6時', 1), ('6小時', 1), ('下午5時許', 1), ('5秒鐘', 1), ('11日晚間', 1), ('當天晚間', 1), ('8時42分', 1), ('0時15分', 1), ('0時45分', 1), ('14分', 1), ('約7時30分許', 1), ('7時41分', 1), ('9時10分許', 1), ('下午3時6分許', 1), ('下午3時38分', 1), ('近上午', 1), ('下午4時至晚間', 1), ('近中午', 1), ('下午5時', 1), ('上午9時30分', 1), ('26日晚上7時', 1), ('上午10點', 1), ('3月17日中午', 1), ('11時', 1), ('3月19日晚上', 1), ('9時38分', 1), ('9時45分', 1), ('7時30分', 1), ('上午10時', 1), ('今早', 1), ('下午8時至9時', 1), ('上午8時', 1), ('上午8時許', 1), ('一個小時', 1), ('1時許', 1), ('4小時以上', 1), ('13日24時', 1)])]"
WORK_OF_ART,"[('政治', []), ('科技', []), ('運動', []), ('證卷', []), ('產經', [('品牌金舶獎', 2), ('第四屆品牌金舶獎', 1)]), ('娛樂', [('犬山記', 5), ('金鐘獎', 4), ('金馬獎', 3), ('奧斯卡', 3), ('金穗獎', 2), ('奧斯卡金像獎', 2), ('收播新聞', 2), ('Bye了極限', 1), ('聲林之王3', 1), ('蝴蝶', 1), ('詭扯', 1), ('台北電影獎', 1), ('中央社', 1), ('英國影藝學院', 1), ('美國影評人大獎', 1), ('工會獎', 1), ('貝爾法斯特', 1), ('愛的後事', 1), ('樂動心旋律', 1), ('CODA', 1), ('西城故事', 1), ('沙丘', 1), ('福爾摩斯', 1), ('窩卡', 1), ('大寒', 1), ('暴力效應', 1), ('蜘蛛女之吻', 1), ('奧斯卡獎', 1), ('復仇者聯盟', 1), ('War', 1), ('復仇者聯盟4', 1), ('華燈初上', 1)]), ('生活', [('威力彩', 2)]), ('國際', []), ('社會', []), ('文化', [('獅子王', 4), ('金鼎獎', 3), ('金漫獎', 2), ('月球水2.0', 1), ('小畢的故事', 1), ('荒人手記', 1), ('第45屆金鼎獎', 1), ('第12屆金漫獎', 1), ('wards銀獎', 1), ('南華微光', 1), ('蘇州評彈', 1), ('中國繪畫－四段景', 1), ('恆春民謠', 1), ('阿婆蘭', 1), ('島嶼微光', 1), ('2019', 1)]), ('兩岸', [('明報', 2), ('紐約時報', 1), ('中國官媒經濟日報', 1), ('星島日報', 1)]), ('全部', [('犬山記', 5), ('金鐘獎', 4), ('獅子王', 4), ('金馬獎', 3), ('奧斯卡', 3), ('金鼎獎', 3), ('品牌金舶獎', 2), ('金穗獎', 2), ('奧斯卡金像獎', 2), ('收播新聞', 2), ('威力彩', 2), ('金漫獎', 2), ('明報', 2), ('第四屆品牌金舶獎', 1), ('Bye了極限', 1), ('聲林之王3', 1), ('蝴蝶', 1), ('詭扯', 1), ('台北電影獎', 1), ('中央社', 1), ('英國影藝學院', 1), ('美國影評人大獎', 1), ('工會獎', 1), ('貝爾法斯特', 1), ('愛的後事', 1), ('樂動心旋律', 1), ('CODA', 1), ('西城故事', 1), ('沙丘', 1), ('福爾摩斯', 1), ('窩卡', 1), ('大寒', 1), ('暴力效應', 1), ('蜘蛛女之吻', 1), ('奧斯卡獎', 1), ('復仇者聯盟', 1), ('War', 1), ('復仇者聯盟4', 1), ('華燈初上', 1), ('月球水2.0', 1), ('小畢的故事', 1), ('荒人手記', 1), ('第45屆金鼎獎', 1), ('第12屆金漫獎', 1), ('wards銀獎', 1), ('南華微光', 1), ('蘇州評彈', 1), ('中國繪畫－四段景', 1), ('恆春民謠', 1), ('阿婆蘭', 1), ('島嶼微光', 1), ('2019', 1), ('紐約時報', 1), ('中國官媒經濟日報', 1), ('星島日報', 1)])]"
